Block,Treatment,Warmed,Fertilized,Plate,Column,Row,Core,LAP.mm2.min,NAG.mm2.min,PHOS.mm2.min,ABTS.mm2.min,TMB.mm2.min,Area
B1,Control,N,N,MAT.C.B1,3,A,6,11.92580421,12.51177783,94.4702849,0,154.4287393,2.047
B1,Control,N,N,MAT.C.B1,3,B,6,24.63494789,18.16530585,153.8365073,9.681795542,684.0669124,0.847
B1,Control,N,N,MAT.C.B1,3,C,6,17.01423224,24.43696475,139.7827997,0,235.5996599,0.591
B1,Control,N,N,MAT.C.B1,3,D,6,11.07033391,16.30563948,105.8797259,0,135.3368064,0.959
B1,Control,N,N,MAT.C.B1,3,E,6,NA,NA,NA,NA,NA,NA
B1,Control,N,N,MAT.C.B1,3,F,6,14.43625137,16.25367629,131.5019394,0,196.4620918,1.018
B1,Control,N,N,MAT.C.B1,3,G,6,15.7910766,19.89478887,117.5500681,0,437.8397425,0.796
B1,Control,N,N,MAT.C.B1,3,H,6,34.13865546,26.78698986,193.5415118,0,504.1533497,0.544
B1,Control,N,N,MAT.C.B1,4,A,6,63.8869902,87.45419452,606.7909349,0,220.4573346,0.209
B1,Control,N,N,MAT.C.B1,4,B,6,18.967323,18.60862247,133.9770384,0,83.1965617,0.992
B1,Control,N,N,MAT.C.B1,4,C,4,11.95863816,18.90484927,120.7929461,0,91.75760313,0.458
B1,Control,N,N,MAT.C.B1,4,D,4,11.2330968,18.25409368,156.9828935,0,76.99273233,0.388
B1,Control,N,N,MAT.C.B1,4,E,4,24.0576288,18.03552509,251.6825631,4.321729025,278.1786052,0.253
B1,Control,N,N,MAT.C.B1,4,F,4,11.57950784,14.44613551,117.3105616,0,130.4170679,0.374
B1,Control,N,N,MAT.C.B1,4,G,4,5.182016408,19.58056499,107.8826853,0,319.3512736,0.677
B1,Control,N,N,MAT.C.B1,4,H,4,5.429389387,22.74957665,137.2843452,44.82734616,351.6898556,0.561
B1,Control,N,N,MAT.C.B1,5,A,4,0.41536864,3.34468598,13.52791965,0,105.6815603,0.321
B1,Control,N,N,MAT.C.B1,5,B,4,9.259946403,16.76022915,138.2870749,0,109.7037689,0.42
B1,Control,N,N,MAT.C.B1,5,C,9,4.265383179,31.45247487,116.1960891,110.0384008,203.2849392,0.313
B1,Control,N,N,MAT.C.B1,5,D,9,4.764932038,23.53818986,111.5395442,94.62093259,479.4745144,0.572
B1,Control,N,N,MAT.C.B1,5,E,9,6.208185754,42.86164355,126.8781329,89.30447867,328.2003051,0.704
B1,Control,N,N,MAT.C.B1,5,F,2,24.97546898,18.34142174,106.7508016,170.3877682,247.818001,0.6
B1,Control,N,N,MAT.C.B1,5,G,2,26.09630309,15.0684137,93.72099947,95.89020857,178.7708167,0.439
B1,Control,N,N,MAT.C.B1,5,H,2,1.21781727,21.72580102,35.66297064,380.5310839,997.6602869,1.52
B1,Control,N,N,MAT.C.B1,6,A,2,38.69753435,22.85291671,228.3998934,317.392864,511.5048835,0.391
B1,Control,N,N,MAT.C.B1,6,B,2,27.55377955,16.38439659,121.3425123,203.5401394,318.0760163,0.65
B1,Control,N,N,MAT.C.B1,6,C,2,23.65731681,22.32475664,98.9697973,257.9552568,308.5217807,0.657
B1,Control,N,N,MAT.C.B1,6,D,2,43.72294372,13.44238045,151.6947064,165.3878486,335.0680724,0.476
B1,Control,N,N,MAT.C.B1,6,E,2,61.97485055,19.87313764,137.6921662,354.0525054,350.8109533,0.42
B1,Control,N,N,MAT.C.B1,6,F,2,1.663778898,18.89591748,46.42718654,636.3653418,1537.154212,0.817
B1,Control,N,N,MAT.C.B1,6,G,12,1.24775431,13.02040592,34.49462637,406.7318087,803.9173958,1.453
B1,Control,N,N,MAT.C.B1,6,H,12,1.668694594,25.03161089,67.70037639,805.9363563,1662.740607,1.046
B1,Control,N,N,MAT.C.B1,7,A,12,1.858396612,31.06622516,59.16538396,858.5858612,1825.537118,0.915
B1,Control,N,N,MAT.C.B1,7,B,12,2.58042611,29.82344999,52.98223976,823.6212767,2182.217002,0.612
B1,Control,N,N,MAT.C.B1,7,C,12,2.229332664,38.81649591,60.40066358,807.2829754,1234.014524,1.242
B1,Control,N,N,MAT.C.B1,7,D,12,1.628621012,23.21944388,52.90912551,605.7036497,1591.280863,0.908
B1,Control,N,N,MAT.C.B1,7,E,12,6.247237366,19.02887978,48.24293116,31.89814259,203.7883252,0.617
B1,Control,N,N,MAT.C.B1,7,F,12,2.295511506,28.08290484,55.45897583,684.2725775,1719.118018,0.608
B1,Control,N,N,MAT.C.B1,7,G,5,15.78813344,13.66845566,135.5216285,0.656300986,142.8408109,0.833
B1,Control,N,N,MAT.C.B1,7,H,5,36.50909091,10.75029547,140.2196998,294.3425917,515.3714287,1.25
B1,Control,N,N,MAT.C.B1,8,A,5,9.025677519,66.95450184,287.8978992,0,351.999975,0.292
B1,Control,N,N,MAT.C.B1,8,B,5,7.838471961,44.48181152,266.9057065,0,295.8931171,0.393
B1,Control,N,N,MAT.C.B1,8,C,5,9.834455668,15.08208744,95.96647929,0,125.2138815,0.864
B1,Control,N,N,MAT.C.B1,8,D,5,47.94793573,11.04093948,162.1061519,506.3384133,899.1517991,0.745
B1,Control,N,N,MAT.C.B1,8,E,5,35.08016766,6.702659588,109.0144156,526.2207899,2294.459164,0.881
B1,Control,N,N,MAT.C.B1,8,F,5,1.144306453,27.37596934,44.93934723,558.6502864,1348.618955,1.601
B1,Control,N,N,MAT.C.B1,8,G,10,2.161973869,34.44264796,56.59716322,513.7052232,1510.651509,1.541
B1,Control,N,N,MAT.C.B1,8,H,10,2.170873859,23.37398837,46.25319116,423.1590105,1630.907445,1.155
B1,Control,N,N,MAT.C.B1,9,A,10,1.78878805,42.69733878,57.73026736,372.6506478,1128.251036,1.514
B1,Control,N,N,MAT.C.B1,9,B,10,2.865176061,42.38460709,74.79770342,655.662728,1409.503486,1.164
B1,Control,N,N,MAT.C.B1,9,C,10,1.677404494,32.64861551,52.81299121,529.5876505,1178.123657,1.278
B1,Control,N,N,MAT.C.B1,9,D,10,1.055656082,20.54402528,36.39029146,380.5357357,1050.254957,1.701
B1,Control,N,N,MAT.C.B1,9,E,10,1.879851851,30.8465702,53.15524592,552.4299837,1417.140125,1.717
B1,Control,N,N,MAT.C.B1,9,F,10,2.330438606,54.23291486,93.49446326,1000.848687,2401.829888,0.827
B1,Control,N,N,MAT.C.B1,9,G,10,2.782676857,53.80335661,71.02756278,1042.214744,1840.724365,0.972
B1,Control,N,N,MAT.C.B1,9,H,10,1.660737502,29.94727779,49.96423774,522.8821436,1788.792503,1.515
B2,Control,N,N,MAT.C.B2,3,A,9,2.142487527,9.784794812,22.32440429,313.4789953,327.3725149,0.499
B2,Control,N,N,MAT.C.B2,3,B,9,0.673936014,28.3562237,24.26833507,0,15.48437941,0.978
B2,Control,N,N,MAT.C.B2,3,C,9,2.787541818,10.5070581,21.88615997,314.8309749,313.0147857,0.666
B2,Control,N,N,MAT.C.B2,3,D,9,29.89597036,17.42085592,61.36434962,150.4993049,336.619706,1.006
B2,Control,N,N,MAT.C.B2,3,E,9,4.362951398,24.02714477,21.44258115,54.47594187,134.5213698,0.4
B2,Control,N,N,MAT.C.B2,3,F,1,6.498757318,15.58517163,40.81861645,159.3517658,218.5380493,1.237
B2,Control,N,N,MAT.C.B2,3,G,1,9.517132194,22.4110894,50.95142776,173.7146157,295.8210911,1.502
B2,Control,N,N,MAT.C.B2,3,H,1,10.15963588,24.95619044,51.1725621,18.93481491,366.7255333,1.31
B2,Control,N,N,MAT.C.B2,4,A,1,1.76229603,19.55654737,24.91196819,10.10290288,64.03480454,0.317
B2,Control,N,N,MAT.C.B2,4,B,1,5.637704479,16.29205775,23.57627619,0,251.7564961,0.311
B2,Control,N,N,MAT.C.B2,4,C,1,8.432735015,22.40462617,40.28704187,219.3486871,218.835132,1.359
B2,Control,N,N,MAT.C.B2,4,D,1,10.58605725,23.88058969,45.20452045,210.3578281,287.3277137,1.515
B2,Control,N,N,MAT.C.B2,4,E,12,1.234510806,13.18181225,20.34283588,17.59681436,125.6960881,0.182
B2,Control,N,N,MAT.C.B2,4,F,12,1.255069308,39.35388085,52.65071095,1137.817927,1306.660708,1.066
B2,Control,N,N,MAT.C.B2,4,G,12,1.110270312,35.33528781,52.08528022,1171.097935,1427.174168,0.892
B2,Control,N,N,MAT.C.B2,4,H,12,1.538010252,41.25408172,51.47630148,647.761164,1061.113983,1.456
B2,Control,N,N,MAT.C.B2,5,A,12,NA,NA,NA,NA,NA,NA
B2,Control,N,N,MAT.C.B2,5,B,12,0.983909143,40.8898077,107.5083482,386.61062,545.1479933,0.198
B2,Control,N,N,MAT.C.B2,5,C,12,0.780296437,33.62198384,48.37695247,752.0679176,1471.125704,1.391
B2,Control,N,N,MAT.C.B2,5,D,12,1.836820622,53.50404395,74.6521951,2285.505652,2961.234601,0.483
B2,Control,N,N,MAT.C.B2,5,E,12,53.24651852,37.00427983,83.21015749,412.1491522,441.5786973,0.332
B2,Control,N,N,MAT.C.B2,5,F,12,0.941436747,35.97422594,43.13991464,872.48978,1688.415605,1.499
B2,Control,N,N,MAT.C.B2,5,G,4,3.285982277,29.87784402,44.72562456,873.8762394,2573.515968,1.012
B2,Control,N,N,MAT.C.B2,5,H,4,2.286082774,6.033971044,11.41091918,0,118.5261,0.28
B2,Control,N,N,MAT.C.B2,6,A,3,11.19269009,37.12728983,54.68768003,228.3664151,358.3010863,0.366
B2,Control,N,N,MAT.C.B2,6,B,3,11.95118211,44.39995052,78.54827794,189.2615976,404.2502906,0.216
B2,Control,N,N,MAT.C.B2,6,C,3,5.901165871,22.69044571,39.51325553,263.7260488,351.1858455,0.656
B2,Control,N,N,MAT.C.B2,6,D,3,6.844510815,27.7889597,62.80657022,313.7069508,546.9037724,0.228
B2,Control,N,N,MAT.C.B2,6,E,3,6.922494069,26.28284522,58.62678944,220.8366006,271.9741762,0.449
B2,Control,N,N,MAT.C.B2,6,F,3,10.84428893,30.5676264,66.00964582,209.8280058,487.641048,0.372
B2,Control,N,N,MAT.C.B2,6,G,3,6.006541684,34.15729739,79.52635408,193.5007653,558.2421416,0.258
B2,Control,N,N,MAT.C.B2,6,H,3,11.31051494,33.51629571,51.94850206,160.2444983,300.4676147,0.415
B2,Control,N,N,MAT.C.B2,7,A,3,6.866095288,21.26814882,58.11607817,299.7292267,333.865675,0.304
B2,Control,N,N,MAT.C.B2,7,B,3,1.76780186,34.23259559,51.72320719,1478.593332,1193.313243,0.786
B2,Control,N,N,MAT.C.B2,7,C,11,3.096582046,22.51557374,30.10133102,950.4701313,675.0030075,1.422
B2,Control,N,N,MAT.C.B2,7,D,11,1.251280769,34.32435262,42.00410012,963.4237246,1021.1836,1.807
B2,Control,N,N,MAT.C.B2,7,E,11,1.408498507,33.14909601,43.49936874,1028.292275,803.557818,1.48
B2,Control,N,N,MAT.C.B2,7,F,11,1.743504642,31.25696099,42.62635384,846.1506556,865.6215395,1.627
B2,Control,N,N,MAT.C.B2,7,G,11,1.48421242,21.91351323,38.61631704,882.0925601,1050.32854,1.174
B2,Control,N,N,MAT.C.B2,7,H,11,1.464387664,41.04009147,55.08408421,1500.993345,1506.223831,1.036
B2,Control,N,N,MAT.C.B2,8,A,11,0.670091968,8.940431259,18.90673951,11.53952314,400.6931634,0.234
B2,Control,N,N,MAT.C.B2,8,B,11,0.96071885,29.9332391,36.26171848,1155.411375,937.4311481,1.435
B2,Control,N,N,MAT.C.B2,8,C,11,64.26679002,42.61872594,118.1787514,401.8650693,477.4972999,0.388
B2,Control,N,N,MAT.C.B2,8,D,11,1.127119037,28.54300858,42.09986777,1076.337862,1024.19869,1.399
B2,Control,N,N,MAT.C.B2,8,E,11,5.853460756,4.730876535,3.374479407,104.4730589,351.1043511,0.223
B2,Control,N,N,MAT.C.B2,8,F,11,0.750885997,28.38755481,61.5956352,1862.837192,1692.931819,0.838
B2,Control,N,N,MAT.C.B2,8,G,6,13.02555479,10.88173569,63.74072352,80.35247848,464.9479833,0.465
B2,Control,N,N,MAT.C.B2,8,H,6,101.085012,29.04858877,144.7581927,992.9414221,944.9116472,0.282
B2,Control,N,N,MAT.C.B2,9,A,6,0.515572892,20.77132643,17.70465344,8.388842051,190.6185703,0.262
B2,Control,N,N,MAT.C.B2,9,B,6,106.9368518,39.12738353,166.4608782,673.2078773,714.1829522,0.254
B2,Control,N,N,MAT.C.B2,9,C,6,64.75296484,37.26194851,113.927936,643.131693,449.1782264,0.708
B2,Control,N,N,MAT.C.B2,9,D,6,112.9868872,51.71292692,223.055326,986.7645228,1105.664251,0.241
B2,Control,N,N,MAT.C.B2,9,E,6,2.7266182,12.55809593,21.94594209,29.28150228,157.4831349,0.178
B2,Control,N,N,MAT.C.B2,9,F,6,76.2097884,40.94449057,137.8494346,655.8145542,1032.275789,0.584
B2,Control,N,N,MAT.C.B2,9,G,6,58.66994691,36.27592644,123.1775686,574.5670875,601.4881605,0.608
B2,Control,N,N,MAT.C.B2,9,H,6,38.08625835,23.05832328,64.22935447,346.097466,470.5103114,1.095
B2,Control,N,N,MAT.C.B2,10,A,7,1.458167475,27.97118482,41.49712799,797.9497223,1047.172339,1.532
B2,Control,N,N,MAT.C.B2,10,B,7,NA,NA,NA,NA,NA,NA
B2,Control,N,N,MAT.C.B2,10,C,7,1.89124641,17.1834074,20.98785505,23.75524539,104.9292121,0.304
B2,Control,N,N,MAT.C.B2,10,D,7,3.597610643,4.544515294,9.604443261,31.39823739,101.7764569,0.63
B2,Control,N,N,MAT.C.B2,10,E,7,0.901724852,7.69367779,13.77357289,1.454234153,75.2946589,0.475
B2,Control,N,N,MAT.C.B2,10,F,7,2.64234582,7.104710594,14.34122606,382.4386168,833.8658576,0.233
B2,Control,N,N,MAT.C.B2,10,G,7,21.96189254,60.7212019,90.08482081,0,275.9709097,0.223
B2,Control,N,N,MAT.C.B2,10,H,7,NA,NA,NA,NA,NA,NA
B3,Control,N,N,MAT.C.B3,3,A,11,1.252585122,51.57642861,118.1065785,2377.17416,2211.060066,0.267
B3,Control,N,N,MAT.C.B3,3,B,11,1.269213615,31.48258853,77.68252511,114.6187135,899.5819359,0.918
B3,Control,N,N,MAT.C.B3,3,C,11,1.138634648,34.36269226,71.23597634,872.1539763,603.5386521,0.827
B3,Control,N,N,MAT.C.B3,3,D,11,1.045521829,34.13807116,75.28062015,623.9945703,1678.292084,0.578
B3,Control,N,N,MAT.C.B3,3,E,11,1.576990043,31.98856869,98.06315337,411.3412344,1145.713916,0.922
B3,Control,N,N,MAT.C.B3,3,F,11,1.641741004,44.54903179,116.175192,1214.807781,1336.153853,0.571
B3,Control,N,N,MAT.C.B3,3,G,11,4.295297523,50.71049467,212.7247449,0,398.5828341,0.312
B3,Control,N,N,MAT.C.B3,3,H,11,NA,NA,NA,NA,NA,NA
B3,Control,N,N,MAT.C.B3,4,A,11,0.730434791,54.34455259,108.8003696,2021.720272,2640.515862,0.429
B3,Control,N,N,MAT.C.B3,4,B,11,0.889970365,30.76585598,78.74117247,1277.908262,1551.745032,0.788
B3,Control,N,N,MAT.C.B3,4,C,11,1.624357353,33.72154779,119.3624911,1613.790044,2154.718057,0.52
B3,Control,N,N,MAT.C.B3,4,D,11,17.086914,23.70861301,102.6118568,8.152524796,274.5973585,0.399
B3,Control,N,N,MAT.C.B3,4,E,7,1.265782368,45.71686023,121.6244975,1715.048209,2054.405574,0.624
B3,Control,N,N,MAT.C.B3,4,F,7,15.93504046,11.53645034,135.6649059,1.231883717,111.5231501,0.485
B3,Control,N,N,MAT.C.B3,4,G,7,16.95750274,13.1848205,124.4763091,0,309.9377059,0.62
B3,Control,N,N,MAT.C.B3,4,H,7,18.78695216,15.72175155,146.754872,0,51.54718049,0.284
B3,Control,N,N,MAT.C.B3,5,A,7,0.158381177,8.320289632,21.88536298,64.15073941,254.1150782,0.208
B3,Control,N,N,MAT.C.B3,5,B,7,14.81917101,14.28732973,5.019113901,1.173798827,164.3923854,0.509
B3,Control,N,N,MAT.C.B3,5,C,7,0.643406278,10.78849034,39.59853239,24.10622855,350.3813878,0.179
B3,Control,N,N,MAT.C.B3,5,D,7,18.21349244,12.24004135,123.84138,0.084351772,322.4916817,0.787
B3,Control,N,N,MAT.C.B3,5,E,9,4.620675814,21.57469177,90.15360231,169.6643436,236.7789475,0.52
B3,Control,N,N,MAT.C.B3,5,F,9,3.953194181,20.73084388,104.4301524,332.3804771,355.3277954,0.291
B3,Control,N,N,MAT.C.B3,5,G,9,5.975865796,23.48344359,121.5348635,230.4900379,413.265338,0.286
B3,Control,N,N,MAT.C.B3,5,H,9,3.357495925,17.87821115,143.8473888,91.25281836,304.7734583,0.315
B3,Control,N,N,MAT.C.B3,6,A,6,0.275329272,34.82637885,104.9674292,1442.163759,1175.60726,0.671
B3,Control,N,N,MAT.C.B3,6,B,6,1.645274054,48.31701622,88.5723801,934.8972247,767.8105975,0.976
B3,Control,N,N,MAT.C.B3,6,C,6,1.216178228,46.57977487,103.3185344,1290.255843,782.2062173,0.75
B3,Control,N,N,MAT.C.B3,6,D,6,2.463195132,8.068477396,82.31886828,18.14296135,262.2010924,0.794
B3,Control,N,N,MAT.C.B3,6,E,6,1.488928464,7.169749791,74.6918555,125.287791,353.3539209,0.488
B3,Control,N,N,MAT.C.B3,6,F,6,2.457743969,9.257694614,81.60979583,43.35576587,294.2880634,0.565
B3,Control,N,N,MAT.C.B3,6,G,6,3.155781959,10.09146042,62.08310128,33.65773672,212.7861525,0.428
B3,Control,N,N,MAT.C.B3,6,H,6,1.373123715,13.40800358,88.94484777,11.44566289,185.9814788,0.609
B3,Control,N,N,MAT.C.B3,7,A,6,NA,NA,NA,NA,NA,NA
B3,Control,N,N,MAT.C.B3,7,B,6,0.718954248,11.87622476,41.32559586,64.26052973,324.2241689,0.125
B3,Control,N,N,MAT.C.B3,7,C,12,0.753121471,31.89797855,67.46677261,62.59142507,276.7601506,1.995
B3,Control,N,N,MAT.C.B3,7,D,12,0.905335252,43.8049371,65.15513637,399.1558141,276.0415188,1.96
B3,Control,N,N,MAT.C.B3,7,E,12,0.587361706,37.16165734,77.7631012,332.6647719,382.9757709,1.255
B3,Control,N,N,MAT.C.B3,7,F,12,0.865830357,33.34570057,64.38775694,438.1778555,335.8228436,2.103
B3,Control,N,N,MAT.C.B3,7,G,12,0.89969559,26.20386523,57.52150424,284.8940265,530.4030465,2.912
B3,Control,N,N,MAT.C.B3,7,H,12,0.548665757,23.69110865,56.26274364,272.0539282,1083.413655,2.089
B3,Control,N,N,MAT.C.B3,8,A,12,0.789696253,36.21605255,69.70638895,468.8251591,1165.662579,1.398
B3,Control,N,N,MAT.C.B3,8,B,12,1.132429684,33.29811884,69.69305096,542.9454791,1019.368477,1.93
B3,Control,N,N,MAT.C.B3,8,C,12,0.945300462,38.41275835,63.21481705,463.4294401,877.7000372,2.205
B3,Control,N,N,MAT.C.B3,8,D,12,0.747990891,40.02535448,66.37986544,86.88660309,1123.122243,1.755
B3,Control,N,N,MAT.C.B3,8,E,12,1.125011277,48.96691286,103.3168596,801.2888126,1606.574758,0.867
B3,Control,N,N,MAT.C.B3,8,F,12,0.847083063,44.43965416,97.43077371,939.5886827,1210.093822,1.256
B3,Control,N,N,MAT.C.B3,8,G,2,NA,NA,NA,NA,NA,NA
B3,Control,N,N,MAT.C.B3,8,H,2,1.410030641,30.87444623,123.0804368,1383.992413,2720.491191,0.454
B3,Control,N,N,MAT.C.B3,9,A,2,0.942051769,23.25968087,81.17438358,531.1340328,1282.96028,1.201
B3,Control,N,N,MAT.C.B3,9,B,2,2.680311891,38.6787618,127.2146972,1129.357614,2210.103212,0.57
B3,Control,N,N,MAT.C.B3,9,C,2,2.26113301,33.81274545,84.38651597,792.6253937,1246.541257,1.513
B3,Control,N,N,MAT.C.B3,9,D,2,1.834335885,32.87622755,82.23541481,96.52898346,1264.083036,0.98
B3,Control,N,N,MAT.C.B3,9,E,2,1.499942259,32.38549182,81.68424236,608.9071443,1194.94516,1.079
B3,Control,N,N,MAT.C.B3,9,F,2,3.607443631,39.07612587,127.3577622,0,164.0001565,0.856
B3,Control,N,N,MAT.C.B3,9,G,2,2.010024835,32.93752731,131.7283694,835.7900769,1363.945577,0.544
B3,Control,N,N,MAT.C.B3,9,H,2,2.422357142,18.78722912,95.91306853,600.685578,1281.194389,1.092
B3,Control,N,N,MAT.C.B3,10,A,8,10.71345496,26.25160839,66.1002203,263.6163924,423.6750442,0.794
B3,Control,N,N,MAT.C.B3,10,B,8,11.38057433,21.71840005,65.98541162,355.1311821,447.9171127,0.718
B3,Control,N,N,MAT.C.B3,10,C,8,8.60015201,20.7203732,68.70183172,265.251167,492.1799705,0.691
B3,Control,N,N,MAT.C.B3,10,D,8,4.632493054,78.94266618,135.6500659,0.105039311,540.0777708,0.632
B3,Control,N,N,MAT.C.B3,10,E,8,4.675331901,69.00770684,124.4367562,18.04508677,635.6581258,0.504
B3,Control,N,N,MAT.C.B3,10,F,3,8.517935522,47.99366541,55.74186531,0,164.9559103,0.44
B3,Control,N,N,MAT.C.B3,10,G,3,15.1694476,42.82134717,5.142635766,37.39582958,343.8626992,0.229
B3,Control,N,N,MAT.C.B3,10,H,3,10.27263043,19.31657642,87.18375198,12.86404887,719.2512706,0.418
B3,Control,N,N,MAT.C.B3,11,A,3,NA,26.78356945,2.859738906,5.625834302,204.2463911,0.295
B3,Control,N,N,MAT.C.B3,11,B,3,NA,24.09264556,84.97352173,11.46963287,793.0851183,0.191
B3,Control,N,N,MAT.C.B3,11,C,4,NA,19.70751539,57.9524094,142.4365548,323.8857867,0.776
B3,Control,N,N,MAT.C.B3,11,D,4,NA,17.17921896,133.296936,214.7969403,361.0402358,0.522
B3,Control,N,N,MAT.C.B3,11,E,4,NA,15.75426125,76.1101633,199.3111023,368.8925087,0.424
B3,Control,N,N,MAT.C.B3,11,F,4,NA,15.48800051,77.38766488,182.6443138,285.0431162,0.579
B3,Control,N,N,MAT.C.B3,11,G,4,NA,20.404334,105.5263979,205.763645,190.5781133,0.452
B3,Control,N,N,MAT.C.B3,11,H,4,NA,15.25326441,99.54264192,154.4237937,304.895759,0.42
B4,Control,N,N,MAT.C.B4,3,A,10,8.328164587,40.19592248,74.85206601,5.930476786,226.1900857,0.749
B4,Control,N,N,MAT.C.B4,3,B,10,9.146765021,55.07365083,107.7863649,3.720891034,292.7675205,0.753
B4,Control,N,N,MAT.C.B4,3,C,10,7.014514155,38.37307536,60.4579772,0,124.1277141,0.908
B4,Control,N,N,MAT.C.B4,3,D,10,8.948593407,55.1888579,164.5581383,19.05257642,377.2938553,0.434
B4,Control,N,N,MAT.C.B4,3,E,10,7.309003466,44.38196418,76.06032702,0,261.2999111,0.784
B4,Control,N,N,MAT.C.B4,3,F,10,1.310724831,42.03081719,66.09300807,865.0279333,1585.232646,0.512
B4,Control,N,N,MAT.C.B4,3,G,10,3.544276793,77.70210848,164.177244,379.6846186,1035.783993,0.232
B4,Control,N,N,MAT.C.B4,3,H,10,5.352102214,79.10101539,128.5812608,0,356.0993891,0.424
B4,Control,N,N,MAT.C.B4,4,A,10,9.150553013,65.99398404,128.8586909,6.699739235,400.936155,0.663
B4,Control,N,N,MAT.C.B4,4,B,10,0.748522207,40.78865125,56.60440597,2228.187134,2037.363799,0.596
B4,Control,N,N,MAT.C.B4,4,C,3,29.73891656,22.38786663,82.8320152,419.3119535,784.1006558,1.008
B4,Control,N,N,MAT.C.B4,4,D,3,54.63393163,21.89114206,184.6878401,825.0991032,792.0685494,0.23
B4,Control,N,N,MAT.C.B4,4,E,4,1.61919854,37.96124179,60.23803577,786.494823,1460.452487,1.277
B4,Control,N,N,MAT.C.B4,4,F,4,0.803525839,27.69393856,40.82467133,523.4142695,1185.054155,1.758
B4,Control,N,N,MAT.C.B4,4,G,4,1.727486767,42.01918366,66.99792286,693.9762926,1625.612697,0.999
B4,Control,N,N,MAT.C.B4,4,H,4,1.630083526,31.91583289,50.51999779,1156.972891,1943.718874,0.818
B4,Control,N,N,MAT.C.B4,5,A,4,1.141675887,34.80424066,62.61026085,1093.958096,717.9015867,1.097
B4,Control,N,N,MAT.C.B4,5,B,4,1.4907153,37.9539882,64.92786766,98.06221605,1272.840399,0.915
B4,Control,N,N,MAT.C.B4,5,C,4,1.527974658,42.58288325,63.290819,972.5476282,975.6748297,1.153
B4,Control,N,N,MAT.C.B4,5,D,4,1.040124222,35.17038057,46.84622486,1213.985179,1963.702231,0.531
B4,Control,N,N,MAT.C.B4,5,E,4,1.788746995,43.20243113,78.21211608,1238.245805,2464.313983,0.51
B4,Control,N,N,MAT.C.B4,5,F,4,1.719711507,51.37098585,72.17445395,2307.591185,2875.03298,0.34
B4,Control,N,N,MAT.C.B4,5,G,2,2.708475874,4.697907812,63.51546634,24.93960663,252.8493528,0.485
B4,Control,N,N,MAT.C.B4,5,H,2,17.22184589,20.16790145,90.08967002,0,169.3811272,0.724
B4,Control,N,N,MAT.C.B4,6,A,2,27.42345563,19.0997858,141.9043703,5.148703714,114.905739,0.438
B4,Control,N,N,MAT.C.B4,6,B,2,55.78517802,38.31714102,333.7818356,80.78639055,398.3875686,0.258
B4,Control,N,N,MAT.C.B4,6,C,2,17.61123233,20.51648136,139.6537609,5.434053558,254.5046101,0.415
B4,Control,N,N,MAT.C.B4,6,D,2,40.27555948,28.52200846,217.638306,0,354.427561,0.362
B4,Control,N,N,MAT.C.B4,6,E,2,15.56567268,22.07955849,108.2290738,0.190354708,159.936671,0.359
B4,Control,N,N,MAT.C.B4,6,F,2,24.40406027,23.87381438,163.3217749,24.75694061,324.7150709,0.334
B4,Control,N,N,MAT.C.B4,6,G,2,27.47724716,26.81853498,149.6184168,0,375.0488009,0.55
B4,Control,N,N,MAT.C.B4,6,H,2,NA,NA,NA,NA,NA,NA
B4,Control,N,N,MAT.C.B4,7,A,8,1.383249758,33.82433147,66.20670853,635.547729,1496.954385,0.653
B4,Control,N,N,MAT.C.B4,7,B,8,2.189360476,46.65626158,108.196117,354.280032,1112.268606,0.369
B4,Control,N,N,MAT.C.B4,7,C,11,4.108673163,59.4378324,108.9972851,1656.700217,3038.96724,0.498
B4,Control,N,N,MAT.C.B4,7,D,11,0.608676592,57.26205046,67.91331072,1222.828658,1608.205571,0.934
B4,Control,N,N,MAT.C.B4,7,E,11,1.18982256,50.08167005,66.85315348,568.7303662,1342.696043,1.219
B4,Control,N,N,MAT.C.B4,7,F,11,1.058783736,0.291908207,69.75620555,973.8582997,1812.148109,1.001
B4,Control,N,N,MAT.C.B4,7,G,11,6.123378047,19.6352864,38.753442,347.8326716,469.0283356,0.467
B4,Control,N,N,MAT.C.B4,7,H,11,NA,0.374488155,3.479611564,1437.557894,2934.852655,0.221
B4,Control,N,N,MAT.C.B4,8,A,11,24.57758151,60.21776913,72.41702245,782.4585207,2001.325945,0.849
B4,Control,N,N,MAT.C.B4,8,B,11,18.18829087,44.47240552,63.86863516,804.5727983,1293.513329,1.444
B4,Control,N,N,MAT.C.B4,8,C,11,19.14351519,50.88278211,75.55717469,792.1214186,1893.024925,0.947
B4,Control,N,N,MAT.C.B4,8,D,11,1.115424137,41.2735789,69.58949502,1737.631373,2264.062821,0.763
B4,Control,N,N,MAT.C.B4,8,E,11,1.680061077,55.42217514,93.12482632,1249.420648,2082.439847,0.498
B4,Control,N,N,MAT.C.B4,8,F,11,0.14848144,15.61605416,24.01064536,57.78885846,395.868322,1.95
B4,Control,N,N,MAT.C.B4,8,G,6,23.34582377,22.22302647,84.68176625,317.1777922,466.3008534,1.093
B4,Control,N,N,MAT.C.B4,8,H,6,0.265850227,21.01536312,108.8149161,683.8015808,723.9560457,0.798
B4,Control,N,N,MAT.C.B4,9,A,6,1.487910571,18.4554742,81.6753714,318.6294852,362.6883588,0.901
B4,Control,N,N,MAT.C.B4,9,B,6,13.13585802,220.3417822,762.8048656,0,1457.091084,0.09
B4,Control,N,N,MAT.C.B4,9,C,6,0.516220429,16.59781869,41.28725216,0.823738431,147.307887,2.074
B4,Control,N,N,MAT.C.B4,9,D,6,0.70977498,43.5727873,66.08437774,914.6614731,1748.238099,0.697
B4,Control,N,N,MAT.C.B4,9,E,6,0.921920842,34.33233815,59.49828298,516.8980052,1115.898733,0.97
B4,Control,N,N,MAT.C.B4,9,F,6,NA,NA,NA,NA,NA,NA
B4,Control,N,N,MAT.C.B4,9,G,6,71.93879473,36.48359705,132.9870437,480.1597325,418.8689358,0.418
B4,Control,N,N,MAT.C.B4,9,H,6,238.4917103,10.94189925,NA,38.62545316,314.3618367,0.115
B4,Control,N,N,MAT.C.B4,10,A,6,25.43655595,48.45396992,33.29383498,2.926284089,101.7751687,0.397
B4,Control,N,N,MAT.C.B4,10,B,12,10.56608721,35.48492121,93.19351249,0,454.4500629,0.326
B4,Control,N,N,MAT.C.B4,10,C,5,1.566893982,22.30691357,11.28349487,53.65548977,285.203428,0.256
B4,Control,N,N,MAT.C.B4,10,D,5,1.621506172,24.94187854,12.91445562,144.1139352,342.7628565,0.395
B4,Control,N,N,MAT.C.B4,10,E,5,0.836677893,24.9270482,23.64243628,13.41971937,216.2971823,0.331
B4,Control,N,N,MAT.C.B4,10,F,5,40.8727211,29.92430013,115.8217513,652.0888798,987.610463,1.007
B4,Control,N,N,MAT.C.B4,10,G,5,2.110152898,13.01690728,11.67572307,5.272942917,98.45210028,0.324
B4,Control,N,N,MAT.C.B4,10,H,5,140.333694,64.15057358,255.3354464,1748.448526,1210.174714,0.263
B1,Fertilized,N,Y,MAT.F.B1,3,A,3,NA,7.252444895,78.74819872,26.35156339,203.8479256,1.191
B1,Fertilized,N,Y,MAT.F.B1,3,B,3,NA,8.285022642,102.4175101,37.4191728,823.0153103,1.068
B1,Fertilized,N,Y,MAT.F.B1,3,C,3,NA,9.588711998,86.26085136,14.61397689,243.6058379,1.404
B1,Fertilized,N,Y,MAT.F.B1,3,D,3,NA,10.70850746,77.05535295,28.68037424,243.4092128,1.194
B1,Fertilized,N,Y,MAT.F.B1,3,E,3,NA,10.00872162,92.73234279,30.81524624,188.6383571,1.334
B1,Fertilized,N,Y,MAT.F.B1,3,F,3,NA,8.994090251,89.6870897,9.593772489,207.8650706,1.006
B1,Fertilized,N,Y,MAT.F.B1,3,G,3,NA,10.83938005,86.24448095,31.58765092,227.7512939,1.066
B1,Fertilized,N,Y,MAT.F.B1,3,H,3,NA,8.776623885,53.99653015,35.48665894,158.6852176,1.932
B1,Fertilized,N,Y,MAT.F.B1,4,A,3,1.824939702,70.63594148,95.52148246,0.712065451,167.0940029,1.506
B1,Fertilized,N,Y,MAT.F.B1,4,B,3,0.951510033,8.762544935,58.356019,8.074242665,288.4687054,2.187
B1,Fertilized,N,Y,MAT.F.B1,4,C,3,1.594144598,12.65782263,80.90654609,1.076113573,440.7148992,1.528
B1,Fertilized,N,Y,MAT.F.B1,4,D,3,1.794509592,9.621618717,122.9192567,33.3116409,0,1.028
B1,Fertilized,N,Y,MAT.F.B1,4,E,8,2.776798602,23.87496286,134.2467715,18.91832945,345.5421905,0.359
B1,Fertilized,N,Y,MAT.F.B1,4,F,8,1.581742859,18.23731547,95.85180519,9.296496999,512.8164345,0.546
B1,Fertilized,N,Y,MAT.F.B1,4,G,8,10.72372853,2.477146475,14.71153532,6.672527987,378.0560651,0.075
B1,Fertilized,N,Y,MAT.F.B1,4,H,8,1.911833725,13.69225477,118.7169755,1.352539457,392.7440542,0.37
B1,Fertilized,N,Y,MAT.F.B1,5,A,8,1.997421777,12.86477297,114.570151,0,278.3165143,0.624
B1,Fertilized,N,Y,MAT.F.B1,5,B,8,1.922116061,20.72296873,100.7956715,42.15154723,489.701555,0.731
B1,Fertilized,N,Y,MAT.F.B1,5,C,8,2.436891856,18.29801799,130.9232167,0.989011065,315.2023764,0.506
B1,Fertilized,N,Y,MAT.F.B1,5,D,8,2.15111606,13.51030758,100.0747334,4.104134278,206.7494106,0.54
B1,Fertilized,N,Y,MAT.F.B1,5,E,8,2.216230942,15.51083927,94.81497686,4.000733673,211.27677,0.411
B1,Fertilized,N,Y,MAT.F.B1,5,F,8,2.566587194,18.5422544,131.2254667,9.543751021,318.2965961,0.412
B1,Fertilized,N,Y,MAT.F.B1,5,G,8,1.941742023,16.99632855,105.2056241,22.41944319,307.0151022,0.456
B1,Fertilized,N,Y,MAT.F.B1,5,H,2,1.209949355,4.790145415,72.05612912,33.4557883,148.1591868,0.921
B1,Fertilized,N,Y,MAT.F.B1,6,A,2,0.763245572,4.599760074,77.04585059,16.9206012,147.0729121,0.976
B1,Fertilized,N,Y,MAT.F.B1,6,B,2,1.265814813,5.94603706,68.74847245,35.63592407,175.944081,0.977
B1,Fertilized,N,Y,MAT.F.B1,6,C,2,1.854413819,9.33408325,106.4089144,22.69692872,194.0726136,0.904
B1,Fertilized,N,Y,MAT.F.B1,6,D,2,1.081341173,8.523259343,72.60729613,22.92516599,174.2437172,0.895
B1,Fertilized,N,Y,MAT.F.B1,6,E,2,1.187294903,6.215303225,75.02395846,16.50526382,109.8818956,0.758
B1,Fertilized,N,Y,MAT.F.B1,6,F,2,0.933314055,5.611352487,70.27524969,33.3733623,155.4856567,0.889
B1,Fertilized,N,Y,MAT.F.B1,6,G,2,1.180288617,8.370125942,82.8146261,12.54566392,137.5203941,1.134
B1,Fertilized,N,Y,MAT.F.B1,6,H,2,1.674683534,9.896087156,83.97555185,40.37670565,312.0971439,0.494
B1,Fertilized,N,Y,MAT.F.B1,7,A,2,1.386102439,7.438939665,69.34825013,13.29423419,159.0084637,0.769
B1,Fertilized,N,Y,MAT.F.B1,7,B,4,0.963714242,6.695599774,66.59189159,11.00329768,122.2164004,1.189
B1,Fertilized,N,Y,MAT.F.B1,7,C,4,1.163698879,7.371675924,78.935488,20.30485522,237.9034314,1.095
B1,Fertilized,N,Y,MAT.F.B1,7,D,4,1.139219045,8.215692757,98.50895978,23.29892274,184.4604407,0.807
B1,Fertilized,N,Y,MAT.F.B1,7,E,4,1.250427805,6.346348343,87.94345473,65.87773012,167.8005774,0.433
B1,Fertilized,N,Y,MAT.F.B1,7,F,4,0.629563017,3.301101379,55.37361969,9.778455039,131.0699694,0.987
B1,Fertilized,N,Y,MAT.F.B1,7,G,4,1.465873443,7.71018912,90.60665137,127.1817131,232.8156313,0.647
B1,Fertilized,N,Y,MAT.F.B1,7,H,4,1.100399021,6.110155437,73.51248239,14.96654803,260.5577494,1.027
B1,Fertilized,N,Y,MAT.F.B1,8,A,4,1.315087191,6.771973687,72.12222164,24.80312881,120.5535922,0.735
B1,Fertilized,N,Y,MAT.F.B1,8,B,4,1.049312716,4.831377958,74.99173524,15.83165464,108.5989741,0.718
B1,Fertilized,N,Y,MAT.F.B1,8,C,4,1.566568776,8.332640102,80.28342453,4.646939134,191.9815956,0.6
B1,Fertilized,N,Y,MAT.F.B1,8,D,10,4.708827832,12.68494614,106.1669621,19.4023037,298.9670136,0.409
B1,Fertilized,N,Y,MAT.F.B1,8,E,10,31.12757546,1.716572717,14.20328412,0,2756.658808,0.063
B1,Fertilized,N,Y,MAT.F.B1,8,F,10,2.075691178,9.864039937,77.44427404,8.660848945,390.3387236,0.454
B1,Fertilized,N,Y,MAT.F.B1,8,G,10,3.576478198,11.36286997,129.9739923,5.187071103,363.3721052,0.317
B1,Fertilized,N,Y,MAT.F.B1,8,H,10,3.437555168,12.50914562,98.6569445,10.98331123,292.0562305,0.358
B2,Fertilized,N,Y,MAT.F.B2,3,A,4,2.149216132,27.37815788,47.57152606,0,242.2624897,0.63
B2,Fertilized,N,Y,MAT.F.B2,3,B,4,7.087716256,17.23292407,32.82881126,0,184.693583,0.385
B2,Fertilized,N,Y,MAT.F.B2,3,C,4,1.755382121,38.3371467,52.54057337,0,326.6280905,0.706
B2,Fertilized,N,Y,MAT.F.B2,3,D,4,12.28540486,25.55269027,42.23657997,0,939.1929432,0.221
B2,Fertilized,N,Y,MAT.F.B2,3,E,4,5.964843615,23.73833951,27.47648947,0,231.5576665,0.353
B2,Fertilized,N,Y,MAT.F.B2,3,F,4,3.110940342,47.64639812,59.27660963,0.280815756,290.3899671,0.788
B2,Fertilized,N,Y,MAT.F.B2,3,G,4,3.287705594,19.21995736,19.91622337,0,297.7603638,0.215
B2,Fertilized,N,Y,MAT.F.B2,3,H,4,7.44104002,27.86490175,36.2078957,0,228.7800855,0.427
B2,Fertilized,N,Y,MAT.F.B2,4,A,4,7.207432137,20.57090384,28.16610844,0.245869795,250.314465,0.9
B2,Fertilized,N,Y,MAT.F.B2,4,B,4,8.597704899,13.64692141,27.04721177,0,431.4861599,0.633
B2,Fertilized,N,Y,MAT.F.B2,4,C,11,2.100882885,5.706531465,12.96911785,0,177.2956723,0.541
B2,Fertilized,N,Y,MAT.F.B2,4,D,11,0.568931937,2.112749457,6.498272249,2.566424411,164.7106175,0.776
B2,Fertilized,N,Y,MAT.F.B2,4,E,11,2.605521434,5.087341335,15.34793403,2.772967618,734.9803545,0.931
B2,Fertilized,N,Y,MAT.F.B2,4,F,8,6.829963226,14.27435777,30.52493232,0,272.3572447,0.671
B2,Fertilized,N,Y,MAT.F.B2,4,G,8,1.860036316,14.3530894,25.78447118,0.262494444,326.1006845,0.843
B2,Fertilized,N,Y,MAT.F.B2,4,H,8,7.805422889,18.66108171,39.04106548,0,594.5318643,0.522
B2,Fertilized,N,Y,MAT.F.B2,5,A,8,0.433183975,10.40597606,40.39448397,12.06615639,567.5000333,0.703
B2,Fertilized,N,Y,MAT.F.B2,5,B,8,3.116789295,10.84022924,25.3206602,0,471.7106718,0.842
B2,Fertilized,N,Y,MAT.F.B2,5,C,8,0.672253113,8.456216199,42.79434151,22.3344457,137.9323098,0.644
B2,Fertilized,N,Y,MAT.F.B2,5,D,8,8.636579641,11.91739881,29.55190479,0,235.5949559,0.535
B2,Fertilized,N,Y,MAT.F.B2,5,E,8,5.029341861,6.356356635,17.84781937,1.799047284,499.518888,0.451
B2,Fertilized,N,Y,MAT.F.B2,5,F,8,2.791724735,20.6389037,30.17454946,1.263816705,408.875253,0.642
B2,Fertilized,N,Y,MAT.F.B2,5,G,8,6.375893963,15.06635703,34.15613412,0.371903892,244.5996929,0.595
B2,Fertilized,N,Y,MAT.F.B2,5,H,8,0.369157678,37.69702141,16.81051904,27.32507499,52.86206522,0.44
B2,Fertilized,N,Y,MAT.F.B2,6,A,6,4.823759294,15.57305532,40.40620331,0,333.5562849,0.346
B2,Fertilized,N,Y,MAT.F.B2,6,B,6,10.44499936,43.62954787,58.07752723,3.874601835,176.2656523,0.514
B2,Fertilized,N,Y,MAT.F.B2,6,C,6,8.457676598,34.617125,49.98190132,0.300248054,77.24549118,0.737
B2,Fertilized,N,Y,MAT.F.B2,6,D,6,8.292672488,35.52882066,43.81591924,1.438599867,94.65541026,0.564
B2,Fertilized,N,Y,MAT.F.B2,6,E,6,8.082857882,24.01252221,35.10398854,0.333257253,171.1420734,0.664
B2,Fertilized,N,Y,MAT.F.B2,6,F,6,7.941666019,27.45490896,39.69027199,0,50.49560718,0.601
B2,Fertilized,N,Y,MAT.F.B2,6,G,6,10.61595452,43.61987786,57.52827419,0,226.5374461,0.353
B2,Fertilized,N,Y,MAT.F.B2,6,H,6,3.561682885,3.281847053,25.73762283,0,199.8529493,0.409
B2,Fertilized,N,Y,MAT.F.B2,7,A,6,1.291690779,17.72268444,11.42797959,0,347.2267256,0.363
B2,Fertilized,N,Y,MAT.F.B2,7,B,6,1.272059354,11.10152623,10.09547952,0,333.0045136,0.304
B2,Fertilized,N,Y,MAT.F.B2,7,C,9,1.927040082,4.973049878,11.6032866,3.791450116,1102.410492,0.214
B2,Fertilized,N,Y,MAT.F.B2,7,D,7,7.386975078,26.70854201,64.37207911,0,497.0952028,0.168
B2,Fertilized,N,Y,MAT.F.B2,7,E,7,3.768235096,12.62855096,23.9747412,0,331.4492817,0.268
B2,Fertilized,N,Y,MAT.F.B2,7,F,3,5.274492391,12.76125797,35.23204679,1.133198778,176.0381305,0.716
B2,Fertilized,N,Y,MAT.F.B2,7,G,3,4.602923065,12.04372925,49.81798788,0,403.9431762,0.527
B2,Fertilized,N,Y,MAT.F.B2,7,H,3,10.99758921,22.79861532,88.93198841,0,372.2004548,0.172
B2,Fertilized,N,Y,MAT.F.B2,8,A,3,3.764711334,8.620117534,24.21362451,0,377.3921909,1.09
B2,Fertilized,N,Y,MAT.F.B2,8,B,3,5.226970571,17.57134069,38.07606693,2.524138584,256.3310862,0.789
B2,Fertilized,N,Y,MAT.F.B2,8,C,3,3.291752129,18.27299345,41.93786407,1.060614804,139.2807654,0.765
B2,Fertilized,N,Y,MAT.F.B2,8,D,3,5.764804352,19.57307474,35.16391266,2.076233828,105.3437473,0.675
B2,Fertilized,N,Y,MAT.F.B2,8,E,3,5.124147759,19.76754384,35.56513449,1.373978269,330.3212747,1.02
B2,Fertilized,N,Y,MAT.F.B2,8,F,3,5.330345329,14.64548189,37.90507028,0,19.27947435,0.563
B2,Fertilized,N,Y,MAT.F.B2,8,G,1,3.46886285,32.79135804,45.01494788,177.826759,1505.973697,0.645
B2,Fertilized,N,Y,MAT.F.B2,8,H,1,2.77780753,9.263966573,23.41242429,88.70357168,420.8167356,1.007
B2,Fertilized,N,Y,MAT.F.B2,9,A,1,4.682785574,19.25783817,32.95053841,245.3939184,377.7702365,0.465
B2,Fertilized,N,Y,MAT.F.B2,9,B,1,1.021961935,38.35072699,41.40320411,0.93763905,879.4984765,0.236
B2,Fertilized,N,Y,MAT.F.B2,9,C,1,8.378687353,20.78724025,48.87567467,167.0873566,750.6206364,0.803
B2,Fertilized,N,Y,MAT.F.B2,9,D,1,0.293698817,24.94295329,45.83040211,5.186315997,212.864209,0.384
B2,Fertilized,N,Y,MAT.F.B2,9,E,1,4.616050231,19.52190621,45.40945371,93.4008994,405.9369882,0.83
B2,Fertilized,N,Y,MAT.F.B2,9,F,1,1.173516212,19.9874349,27.91887297,0,1094.876124,0.366
B2,Fertilized,N,Y,MAT.F.B2,9,G,1,1.571677753,17.68098717,16.8873473,223.4455595,703.1804525,0.648
B2,Fertilized,N,Y,MAT.F.B2,9,H,1,4.969407136,19.06749414,37.78771844,185.6471539,434.0916646,1.511
B3,Fertilized,N,Y,MAT.F.B3,3,A,1,1.293037853,19.80727422,42.6382687,0,468.6299291,0.476
B3,Fertilized,N,Y,MAT.F.B3,3,B,1,0.97853081,8.422402851,23.0763826,0,398.7310062,0.315
B3,Fertilized,N,Y,MAT.F.B3,3,C,2,1.191965496,10.95659841,66.24783877,1.548755254,457.4438243,1.03
B3,Fertilized,N,Y,MAT.F.B3,3,D,2,1.135209865,8.463102122,52.22218153,21.95914531,303.1490061,0.578
B3,Fertilized,N,Y,MAT.F.B3,3,E,2,1.717437445,11.36772175,82.33103319,1.25805829,256.9809455,1.268
B3,Fertilized,N,Y,MAT.F.B3,3,F,2,1.028566067,7.354609932,61.78936977,40.91790532,192.4759157,0.717
B3,Fertilized,N,Y,MAT.F.B3,3,G,2,0.657349312,8.036549362,48.37655415,3.508489642,840.6566919,1.878
B3,Fertilized,N,Y,MAT.F.B3,3,H,2,0.45560107,6.974175054,48.84945786,0.61283823,670.5087288,2.603
B3,Fertilized,N,Y,MAT.F.B3,4,A,2,1.497190885,10.09526899,78.73274081,14.90682987,473.1145782,1.112
B3,Fertilized,N,Y,MAT.F.B3,4,B,2,1.386901596,9.409405264,80.97832407,23.16211245,304.76649,1.075
B3,Fertilized,N,Y,MAT.F.B3,4,C,2,1.761163643,11.87916116,88.22626943,0.880168788,368.6331496,1.182
B3,Fertilized,N,Y,MAT.F.B3,4,D,2,1.23644151,9.967127979,79.84273558,2.0823208,193.5504628,1.299
B3,Fertilized,N,Y,MAT.F.B3,4,E,2,1.164696639,13.3641322,64.17519496,1.972547079,776.9361043,1.09
B3,Fertilized,N,Y,MAT.F.B3,4,F,3,2.04512491,18.32584301,38.61547052,316.5467195,1001.553216,0.75
B3,Fertilized,N,Y,MAT.F.B3,4,G,3,1.863634279,17.8947453,46.12431374,250.3438454,763.5593761,0.443
B3,Fertilized,N,Y,MAT.F.B3,4,H,3,4.194629252,51.9898903,93.44192,468.8462254,1299.227676,0.304
B3,Fertilized,N,Y,MAT.F.B3,5,A,3,1.992305164,17.11550611,39.84386674,257.1612509,816.5849472,0.373
B3,Fertilized,N,Y,MAT.F.B3,5,B,3,2.049159321,28.99590797,46.01466483,356.1772395,619.9911519,0.517
B3,Fertilized,N,Y,MAT.F.B3,5,C,3,2.598743823,33.15188736,47.38786874,456.7022244,925.1601778,0.289
B3,Fertilized,N,Y,MAT.F.B3,5,D,3,2.616581166,29.98259883,59.40343155,330.5281827,1448.976765,0.401
B3,Fertilized,N,Y,MAT.F.B3,5,E,3,2.339090143,21.25706641,41.47170127,317.2428248,1124.660478,0.493
B3,Fertilized,N,Y,MAT.F.B3,5,F,3,2.524550156,23.50825273,48.35955765,304.0073431,1092.705582,0.655
B3,Fertilized,N,Y,MAT.F.B3,5,G,3,2.732281275,24.77170535,53.60973454,274.071336,964.0991775,0.599
B3,Fertilized,N,Y,MAT.F.B3,5,H,3,1.433800242,28.13609286,32.76764087,294.4261711,633.6781961,0.861
B3,Fertilized,N,Y,MAT.F.B3,6,A,7,3.209584031,30.22840308,117.0195658,0,484.4240675,0.669
B3,Fertilized,N,Y,MAT.F.B3,6,B,7,2.524512254,50.1112133,154.1634448,2.286504412,385.0991769,0.455
B3,Fertilized,N,Y,MAT.F.B3,6,C,7,1.549795767,37.20013578,94.29729757,0,430.3953303,0.333
B3,Fertilized,N,Y,MAT.F.B3,6,D,7,5.794674196,29.77184334,76.67761242,243.7671897,691.9707473,0.307
B3,Fertilized,N,Y,MAT.F.B3,6,E,7,6.174015747,28.56239152,94.59751892,307.5044916,940.3046836,0.339
B3,Fertilized,N,Y,MAT.F.B3,6,F,7,5.476213239,25.85515706,88.60050168,143.0576578,887.3299115,0.527
B3,Fertilized,N,Y,MAT.F.B3,6,G,7,1.917013326,38.82367915,108.1929988,0,514.1555238,0.489
B3,Fertilized,N,Y,MAT.F.B3,6,H,7,1.586674681,33.60940729,93.58419085,0.733385353,551.1161188,0.662
B3,Fertilized,N,Y,MAT.F.B3,7,A,7,2.055551124,44.92393095,130.6974583,0,801.2204023,0.389
B3,Fertilized,N,Y,MAT.F.B3,7,B,7,7.580272273,36.22760475,88.98741843,286.2114576,568.8965114,0.308
B3,Fertilized,N,Y,MAT.F.B3,7,C,6,2.788919561,28.31444931,48.94633166,16.27289738,693.8181897,0.439
B3,Fertilized,N,Y,MAT.F.B3,7,D,6,2.740950989,9.142572039,25.54255453,0,437.2268836,0.267
B3,Fertilized,N,Y,MAT.F.B3,7,E,11,3.772535928,18.90023134,39.72956411,171.7335677,1918.885993,0.397
B3,Fertilized,N,Y,MAT.F.B3,7,F,11,2.746986887,27.63505518,32.8262636,134.5759967,623.0741718,0.486
B3,Fertilized,N,Y,MAT.F.B3,7,G,11,2.25324972,16.82916871,41.52385755,95.93455179,911.0128592,0.595
B3,Fertilized,N,Y,MAT.F.B3,7,H,11,2.223021752,25.64305406,31.4701412,131.1022144,993.5858,0.41
B3,Fertilized,N,Y,MAT.F.B3,8,A,12,0.766682889,4.002333522,56.46849984,0,630.2591065,1.04
B3,Fertilized,N,Y,MAT.F.B3,8,B,12,1.348893291,4.5147848,58.78171851,1.188982294,542.527331,0.875
B3,Fertilized,N,Y,MAT.F.B3,8,C,12,0.928037584,3.689765703,67.06413567,0.765774611,390.9744093,0.634
B3,Fertilized,N,Y,MAT.F.B3,8,D,12,0.872305011,4.316283464,56.27106616,1.057275922,678.7341823,0.984
B3,Fertilized,N,Y,MAT.F.B3,8,E,12,1.445504653,5.134256355,61.66864345,0,727.5281446,1.108
B3,Fertilized,N,Y,MAT.F.B3,8,F,12,1.078138816,3.69653099,43.29285833,0,518.4614637,0.837
B3,Fertilized,N,Y,MAT.F.B3,8,G,12,1.225166896,47.73528508,117.392606,0,367.2797397,0.424
B3,Fertilized,N,Y,MAT.F.B3,8,H,8,1.757269603,17.82566126,27.32859745,227.0241871,525.2018874,0.86
B3,Fertilized,N,Y,MAT.F.B3,9,A,8,2.215615499,10.29610219,22.79177362,0,634.3572596,0.807
B3,Fertilized,N,Y,MAT.F.B3,9,B,8,2.18083172,20.78279433,26.02382215,246.352192,1440.628841,1.011
B3,Fertilized,N,Y,MAT.F.B3,9,C,8,1.339322477,24.07210378,25.92590204,285.474024,688.2500288,0.888
B3,Fertilized,N,Y,MAT.F.B3,9,D,8,2.914128128,24.14567964,35.95627322,246.5918792,1660.01601,0.65
B3,Fertilized,N,Y,MAT.F.B3,9,E,8,1.229311173,17.04238831,22.69748961,159.507836,773.3046007,0.497
B3,Fertilized,N,Y,MAT.F.B3,9,F,8,2.410828802,22.50850717,46.17776131,300.911158,961.0668871,0.446
B3,Fertilized,N,Y,MAT.F.B3,9,G,8,1.081358678,18.42813608,22.98028879,84.33356716,1000.160076,0.565
B3,Fertilized,N,Y,MAT.F.B3,9,H,8,0.087163787,13.1322836,29.53336348,171.7343637,689.7814294,0.439
B4,Fertilized,N,Y,MAT.F.B4,3,A,10,4.276210043,19.2053258,46.18790568,200.3945849,686.4864621,0.919
B4,Fertilized,N,Y,MAT.F.B4,3,B,10,NA,NA,NA,NA,NA,NA
B4,Fertilized,N,Y,MAT.F.B4,3,C,10,0.633838594,3.734581204,15.06302746,1.451563661,292.2809541,0.343
B4,Fertilized,N,Y,MAT.F.B4,3,D,7,4.135775028,24.48353455,36.6940985,117.8126103,366.5316288,0.594
B4,Fertilized,N,Y,MAT.F.B4,3,E,7,4.144117134,29.3467554,44.06148754,29.53507263,305.440659,0.841
B4,Fertilized,N,Y,MAT.F.B4,3,F,7,5.297169586,14.21593406,19.14995468,2.212828159,944.3459274,0.425
B4,Fertilized,N,Y,MAT.F.B4,3,G,7,2.88381763,16.27846463,30.34743278,67.16003934,363.3500626,0.785
B4,Fertilized,N,Y,MAT.F.B4,3,H,7,3.504036056,23.59262313,48.1086446,103.83863,304.656549,0.431
B4,Fertilized,N,Y,MAT.F.B4,4,A,7,4.054150054,15.35614032,86.59358432,0,333.4252102,0.491
B4,Fertilized,N,Y,MAT.F.B4,4,B,7,7.033870072,16.82978157,61.3902552,0.151563573,341.2492369,0.365
B4,Fertilized,N,Y,MAT.F.B4,4,C,7,5.992049365,15.08663802,115.4383025,7.485639811,362.0586432,0.303
B4,Fertilized,N,Y,MAT.F.B4,4,D,7,3.193781906,10.28054562,32.83082666,64.36848266,411.684884,0.214
B4,Fertilized,N,Y,MAT.F.B4,4,E,7,5.862202114,24.10758987,120.9811898,30.57196798,556.0693063,0.19
B4,Fertilized,N,Y,MAT.F.B4,4,F,8,11.90722797,35.93944733,62.71830543,0,301.626056,0.498
B4,Fertilized,N,Y,MAT.F.B4,4,G,8,6.631886678,20.30524407,41.55907882,0,526.7140169,0.298
B4,Fertilized,N,Y,MAT.F.B4,4,H,12,3.751059867,10.06038558,20.75095958,0,441.8060255,0.395
B4,Fertilized,N,Y,MAT.F.B4,5,A,12,0.815170546,5.714332682,12.36549565,0,531.8471648,0.615
B4,Fertilized,N,Y,MAT.F.B4,5,B,12,2.655095858,6.426293769,15.3365853,0,1010.625886,0.667
B4,Fertilized,N,Y,MAT.F.B4,5,C,12,10.27763254,20.60040837,69.55515838,433.4778606,364.4679256,0.627
B4,Fertilized,N,Y,MAT.F.B4,5,D,3,4.190211048,19.28641182,27.12539208,0.503424,415.3674629,0.989
B4,Fertilized,N,Y,MAT.F.B4,5,E,3,4.465503527,13.88996256,25.24727513,0.161284851,831.5737584,0.343
B4,Fertilized,N,Y,MAT.F.B4,5,F,3,1.323959911,8.69739961,12.42692675,67.0317401,199.3995303,0.496
B4,Fertilized,N,Y,MAT.F.B4,5,G,3,5.172623811,15.61577201,34.12910953,234.6795676,520.2694629,0.351
B4,Fertilized,N,Y,MAT.F.B4,5,H,3,4.075215987,16.11293269,22.53638034,237.3506227,532.3157837,0.513
B4,Fertilized,N,Y,MAT.F.B4,6,A,3,2.967178713,24.01758214,40.77426655,0,688.1228809,0.648
B4,Fertilized,N,Y,MAT.F.B4,6,B,3,NA,NA,NA,NA,NA,NA
B4,Fertilized,N,Y,MAT.F.B4,6,C,6,2.204136186,8.116493122,17.34402613,60.04627664,698.5517718,0.878
B4,Fertilized,N,Y,MAT.F.B4,6,D,6,0.021835771,2.187382826,69.9502387,3.307215998,174.2785626,0.552
B4,Fertilized,N,Y,MAT.F.B4,6,E,6,13.32158464,9.444734135,100.3135094,0,639.5318251,0.484
B4,Fertilized,N,Y,MAT.F.B4,6,F,6,22.5958004,9.272982218,132.0718452,0,442.4735936,0.489
B4,Fertilized,N,Y,MAT.F.B4,6,G,4,2.930157311,13.87934742,64.21779257,0,424.6129426,1.861
B4,Fertilized,N,Y,MAT.F.B4,6,H,4,3.100188256,12.48173738,65.75048084,0.60635201,304.0344495,1.551
B4,Fertilized,N,Y,MAT.F.B4,7,A,4,3.071280797,16.35188334,69.0693808,11.23177929,151.7270463,0.99
B4,Fertilized,N,Y,MAT.F.B4,7,B,4,1.767871488,8.656052649,46.57826911,28.29791329,139.149625,1.128
B4,Fertilized,N,Y,MAT.F.B4,7,C,4,2.793542738,15.77413972,61.83216475,18.48727607,364.2440679,1.176
B4,Fertilized,N,Y,MAT.F.B4,7,D,4,2.497927119,12.91865485,70.99676123,0,189.3766758,1.278
B4,Fertilized,N,Y,MAT.F.B4,7,E,4,3.550249207,13.74754762,63.14148037,7.014619763,232.5139194,1.459
B4,Fertilized,N,Y,MAT.F.B4,7,F,4,2.518617867,9.665789412,37.44840128,0.579395727,125.1494769,2.387
B4,Fertilized,N,Y,MAT.F.B4,7,G,4,3.73783045,15.76493487,68.54078568,0.051701592,48.26650364,1.07
B4,Fertilized,N,Y,MAT.F.B4,7,H,4,2.874742888,16.21619007,72.1841259,0,728.3974939,0.703
B4,Fertilized,N,Y,MAT.F.B4,8,A,1,4.197197523,17.54895967,71.39822339,0,804.3518791,0.316
B4,Fertilized,N,Y,MAT.F.B4,8,B,1,0.14726069,4.735625571,18.2154042,19.68554921,113.1011883,0.385
B4,Fertilized,N,Y,MAT.F.B4,8,C,9,0.151782868,16.16274028,57.40671592,20.05976831,96.56866881,1.15
B4,Fertilized,N,Y,MAT.F.B4,8,D,9,2.250138185,64.74143577,118.9887878,13.96987474,235.2621617,0.099
B4,Warmed,Y,N,MAT.F.B4,8,E,6,3.188362727,52.64123111,110.0414724,0,82.83054933,0.542
B4,Warmed,Y,N,MAT.F.B4,8,F,6,5.281862856,13.88029871,80.68873369,159.0367183,288.2506458,0.671
B1,Warmed,Y,N,MAT.W.B1,3,A,7,0.990328108,14.58417969,4.983996342,2.978807137,0,0.12
B1,Warmed,Y,N,MAT.W.B1,3,B,7,NA,NA,NA,NA,NA,NA
B1,Warmed,Y,N,MAT.W.B1,3,C,7,1.596897863,49.19968182,89.29541803,0,64.08873338,0.467
B1,Warmed,Y,N,MAT.W.B1,3,D,7,1.55467074,40.77312434,73.97276373,0.528001265,190.7963893,0.677
B1,Warmed,Y,N,MAT.W.B1,3,E,2,2.164894121,31.98015474,35.0094073,133.4603263,470.2029271,1.464
B1,Warmed,Y,N,MAT.W.B1,3,F,2,2.554738189,20.13749305,37.2536279,139.0050272,381.3723464,0.665
B1,Warmed,Y,N,MAT.W.B1,3,G,2,1.478835027,19.66976746,27.03775901,107.8249794,380.8541775,0.608
B1,Warmed,Y,N,MAT.W.B1,3,H,5,0.528784348,25.12317548,48.63016308,504.6182035,1718.353788,1.728
B1,Warmed,Y,N,MAT.W.B1,4,A,5,1.528164617,33.55766638,69.52428821,471.3109582,1651.890965,1.048
B1,Warmed,Y,N,MAT.W.B1,4,B,5,0.998260641,33.47010859,56.40093151,519.5593844,1597.213609,0.43
B1,Warmed,Y,N,MAT.W.B1,4,C,5,0.924128419,28.13320416,70.45078284,488.9146969,1829.172126,1.16
B1,Warmed,Y,N,MAT.W.B1,4,D,5,0.909290912,34.06081739,71.31659248,693.4845391,2037.355708,0.784
B1,Warmed,Y,N,MAT.W.B1,4,E,5,0.671499116,35.18549234,65.97159734,573.3899779,1348.669393,1.029
B1,Warmed,Y,N,MAT.W.B1,4,F,5,0.684733903,31.84215618,56.06707042,48.44553108,2027.540344,1.306
B1,Warmed,Y,N,MAT.W.B1,4,G,5,0.547471907,27.23676941,60.13448756,280.3781181,1978.683266,1.062
B1,Warmed,Y,N,MAT.W.B1,4,H,5,0.481364879,25.83653055,48.84765794,441.5924951,1661.073294,1.046
B1,Warmed,Y,N,MAT.W.B1,5,A,5,8.672102003,20.08699236,60.29513985,0,218.9786625,0.892
B1,Warmed,Y,N,MAT.W.B1,5,B,5,1.059064827,33.82875834,76.91397468,46.25240475,2795.662196,0.626
B1,Warmed,Y,N,MAT.W.B1,5,C,6,0.788009885,33.4572661,84.17508418,559.8926505,1952.768931,0.968
B1,Warmed,Y,N,MAT.W.B1,5,D,6,0.829677576,41.45867017,46.29307792,339.7144723,1688.57158,0.959
B1,Warmed,Y,N,MAT.W.B1,5,E,6,1.014337175,35.47957192,65.74435059,533.9511793,1606.323742,0.608
B1,Warmed,Y,N,MAT.W.B1,5,F,6,0.6089107,27.52114958,82.24863233,692.9443781,1874.768687,0.589
B1,Warmed,Y,N,MAT.W.B1,5,G,6,2.325315369,17.10487032,61.18497415,3.093376642,581.6247156,1.04
B1,Warmed,Y,N,MAT.W.B1,5,H,6,1.104533493,42.00316213,56.49801926,341.9962126,1409.877591,1.267
B1,Warmed,Y,N,MAT.W.B1,6,A,6,5.55295607,38.0314146,97.73512798,378.6857352,680.9961872,0.229
B1,Warmed,Y,N,MAT.W.B1,6,B,6,1.028562258,27.41766777,42.9376041,241.5642668,1032.42901,1.718
B1,Warmed,Y,N,MAT.W.B1,6,C,6,0.823734285,28.31781438,53.8573723,222.7882575,988.3375237,1.393
B1,Warmed,Y,N,MAT.W.B1,6,D,6,1.994825026,45.44151807,77.2767937,244.7025306,1020.477422,0.92
B1,Warmed,Y,N,MAT.W.B1,6,E,8,1.281878129,22.86053592,17.98250164,198.5537665,562.5834303,0.238
B1,Warmed,Y,N,MAT.W.B1,6,F,8,1.818185305,18.45118535,62.99688777,173.1551762,537.7813651,0.372
B1,Warmed,Y,N,MAT.W.B1,6,G,1,0.516235845,23.8965071,53.4761687,270.2576901,1061.999598,1.197
B1,Warmed,Y,N,MAT.W.B1,6,H,1,0.464377669,30.98227346,80.56786006,605.969836,1968.50475,0.733
B1,Warmed,Y,N,MAT.W.B1,7,A,1,0.678936087,28.33680496,68.86444073,927.3865131,2155.840703,0.643
B1,Warmed,Y,N,MAT.W.B1,7,B,1,0.778147257,30.16650886,65.04401293,1846.680798,2131.97446,0.597
B1,Warmed,Y,N,MAT.W.B1,7,C,1,0.664198967,24.31100447,55.47682579,491.2721429,2060.672709,0.967
B1,Warmed,Y,N,MAT.W.B1,7,D,1,0.6518848,16.52355582,43.0379833,717.1311872,1799.987779,0.806
B1,Warmed,Y,N,MAT.W.B1,7,E,1,1.188003041,32.56336515,78.27580667,715.9603208,1761.494335,0.888
B1,Warmed,Y,N,MAT.W.B1,7,F,1,0.661713845,24.72008765,54.41032722,680.3697609,986.4679792,1.517
B1,Warmed,Y,N,MAT.W.B1,7,G,1,0.929774134,24.42116498,62.8425118,499.9684862,1463.643745,0.607
B1,Warmed,Y,N,MAT.W.B1,7,H,1,0.501947341,14.70429465,45.64131681,604.2936549,1783.588335,0.877
B1,Warmed,Y,N,MAT.W.B1,8,A,1,1.031169387,30.77828304,61.41296773,1201.685844,2704.010626,0.748
B1,Warmed,Y,N,MAT.W.B1,8,B,1,0.483104175,26.57924974,56.53347493,409.012641,1346.006062,1.395
B1,Warmed,Y,N,MAT.W.B1,8,C,4,0.119097469,20.16510466,25.34824861,696.9329857,2579.960069,0.497
B1,Warmed,Y,N,MAT.W.B1,8,D,4,0.602239771,12.82451473,28.54791299,750.3019417,1386.205572,1.4
B1,Warmed,Y,N,MAT.W.B1,8,E,4,1.104922213,15.48277251,30.31736585,568.9705736,1306.528738,1.618
B1,Warmed,Y,N,MAT.W.B1,8,F,4,1.236958745,10.89590016,26.75177721,670.7486752,1469.358757,1.711
B1,Warmed,Y,N,MAT.W.B1,8,G,4,1.004522699,13.19851922,47.06851803,972.9126994,2004.45643,1.112
B1,Warmed,Y,N,MAT.W.B1,8,H,4,0.839483765,16.39357432,50.71604938,678.0956567,2027.325649,1
B1,Warmed,Y,N,MAT.W.B1,9,A,4,1.017244708,13.13827508,30.40847771,856.6757416,1689.838574,1.347
B1,Warmed,Y,N,MAT.W.B1,9,B,4,0.875452824,13.66141367,37.52789253,806.8015586,1445.741481,1.034
B1,Warmed,Y,N,MAT.W.B1,9,C,4,0.991822119,15.63094552,43.41284609,981.2957531,1755.458352,0.909
B1,Warmed,Y,N,MAT.W.B1,9,D,4,1.007811494,13.76781339,38.35335523,914.2952039,1877.551165,0.99
B1,Warmed,Y,N,MAT.W.B1,9,E,3,0.953718978,32.44521093,69.7906987,520.0420718,1605.721997,0.93
B1,Warmed,Y,N,MAT.W.B1,9,F,3,0.447690723,23.4744302,47.88593078,424.3280371,1098.377173,1.47
B1,Warmed,Y,N,MAT.W.B1,9,G,3,0.7961741,25.89809564,58.48225658,444.4960036,1382.82672,1.007
B1,Warmed,Y,N,MAT.W.B1,9,H,3,0.778252964,32.76083037,66.68949785,546.6700356,1491.421721,0.733
B1,Warmed,Y,N,MAT.W.B1,10,A,3,0.654772841,38.1711804,60.91654769,851.0337161,1368.060024,1.323
B1,Warmed,Y,N,MAT.W.B1,10,B,3,0.605460126,33.6754611,52.55211181,400.4516671,1121.390077,0.715
B1,Warmed,Y,N,MAT.W.B1,10,C,3,0.572447164,34.21245433,54.97924127,498.2984265,1871.408975,0.601
B1,Warmed,Y,N,MAT.W.B1,10,D,3,1.233684207,43.02006646,79.68516272,576.0576173,1924.193311,0.641
B1,Warmed,Y,N,MAT.W.B1,10,E,3,0.720176444,43.70656443,54.67269176,730.0007711,1907.660311,1.142
B1,Warmed,Y,N,MAT.W.B1,10,F,3,0.575809236,38.47856262,73.42758967,375.8605758,1537.802311,1.515
B1,Warmed,Y,N,MAT.W.B1,10,G,3,0.750601144,33.23077317,81.25371542,483.6430083,1495.927668,1.013
B1,Warmed,Y,N,MAT.W.B1,10,H,3,1.15957511,53.26384106,77.43111707,198.54273,1395.314751,1.252
B2,Warmed,Y,N,MAT.W.B2,3,A,5,2.552569067,38.88538122,66.48686863,491.2478513,1316.995082,0.65
B2,Warmed,Y,N,MAT.W.B2,3,B,5,1.486949864,35.5202437,78.92257761,1176.930402,1742.484991,0.341
B2,Warmed,Y,N,MAT.W.B2,3,C,5,0.747715431,34.9624654,61.70455461,849.5829061,1031.461014,0.969
B2,Warmed,Y,N,MAT.W.B2,3,D,5,1.107374454,36.5174562,63.43391435,823.0939178,1171.392064,0.755
B2,Warmed,Y,N,MAT.W.B2,3,E,5,0.742430375,36.39139901,59.18497872,667.4845503,1450.011016,0.71
B2,Warmed,Y,N,MAT.W.B2,3,F,5,2.67544332,21.81659266,58.12408218,44.93277926,294.2455449,0.829
B2,Warmed,Y,N,MAT.W.B2,3,G,5,0.272259391,8.823489622,8.327025788,12.74403652,185.5641681,0.191
B2,Warmed,Y,N,MAT.W.B2,3,H,5,1.522314495,37.3425328,56.86317236,1051.291658,2383.026549,0.558
B2,Warmed,Y,N,MAT.W.B2,4,A,5,NA,NA,NA,NA,NA,NA
B2,Warmed,Y,N,MAT.W.B2,4,B,5,0.822421148,34.5393697,85.97572063,1144.795878,2264.941562,0.565
B2,Warmed,Y,N,MAT.W.B2,4,C,9,1.162751112,35.88421772,60.75733211,725.0016859,2049.565129,0.626
B2,Warmed,Y,N,MAT.W.B2,4,D,9,1.540928434,36.42402885,59.40054372,576.8283675,1222.576677,0.662
B2,Warmed,Y,N,MAT.W.B2,4,E,9,2.824206612,22.26377538,34.47464996,210.2231892,628.0122599,1.634
B2,Warmed,Y,N,MAT.W.B2,4,F,9,0.808216978,35.29912414,56.94209596,608.8378169,1744.195212,1.011
B2,Warmed,Y,N,MAT.W.B2,4,G,9,3.952127818,29.88157913,39.16851723,529.254368,1422.354668,1.221
B2,Warmed,Y,N,MAT.W.B2,4,H,9,1.453568616,38.13031996,75.81604135,998.8153102,1985.315559,0.8
B2,Warmed,Y,N,MAT.W.B2,5,A,9,0.515937829,37.4711288,49.23626789,635.4532593,1357.515559,0.665
B2,Warmed,Y,N,MAT.W.B2,5,B,9,2.196669316,32.8221021,51.02002052,576.7432936,1459.407604,0.702
B2,Warmed,Y,N,MAT.W.B2,5,C,9,1.216897911,38.03597712,61.20938756,568.8117408,1395.080521,0.995
B2,Warmed,Y,N,MAT.W.B2,5,D,9,1.332097058,30.12478621,58.1618513,473.3060447,947.8322666,0.919
B2,Warmed,Y,N,MAT.W.B2,5,E,1,0.3515206,31.36500332,47.28150553,365.3502335,819.998487,2.242
B2,Warmed,Y,N,MAT.W.B2,5,F,1,0.773257459,36.17906351,61.14640354,490.8573522,1011.77418,1.7
B2,Warmed,Y,N,MAT.W.B2,5,G,1,0.483544856,6.09549027,9.909133008,30.98507831,224.7627219,0.269
B2,Warmed,Y,N,MAT.W.B2,5,H,1,0.326552693,14.08856654,15.7798086,28.82839919,230.4032028,0.371
B2,Warmed,Y,N,MAT.W.B2,6,A,1,0.485149407,33.32183164,51.07364567,303.8797003,782.1357506,1.344
B2,Warmed,Y,N,MAT.W.B2,6,B,1,3.899388058,39.22633454,75.91430807,324.426546,537.2544478,0.364
B2,Warmed,Y,N,MAT.W.B2,6,C,1,0.513421306,32.50011003,66.41554084,345.605138,1009.45413,1.081
B2,Warmed,Y,N,MAT.W.B2,6,D,1,NA,6.621472914,12.11227271,1.808851356,205.646381,0.367
B2,Warmed,Y,N,MAT.W.B2,6,E,1,0.968722515,50.63741668,76.00743896,682.5442895,1724.867036,0.505
B2,Warmed,Y,N,MAT.W.B2,6,F,1,0.547140083,37.4497004,62.25835659,470.1289299,1238.484749,0.57
B2,Warmed,Y,N,MAT.W.B2,6,G,8,17.24579671,72.50894374,36.59447924,0.184864508,147.3515734,0.399
B2,Warmed,Y,N,MAT.W.B2,6,H,8,17.68372025,55.58296242,32.46518123,0,141.143719,0.452
B2,Warmed,Y,N,MAT.W.B2,7,A,3,4.217945977,62.72839551,81.05677034,585.8806114,1472.883938,0.263
B2,Warmed,Y,N,MAT.W.B2,7,B,3,0.654132018,37.41450068,24.50276863,54.58309459,341.918353,0.25
B2,Warmed,Y,N,MAT.W.B2,7,C,3,2.586211242,62.29137893,125.797798,316.4796952,0,0.554
B2,Warmed,Y,N,MAT.W.B2,7,D,3,2.858364466,62.41146879,114.0768414,875.9111462,1602.465037,0.376
B2,Warmed,Y,N,MAT.W.B2,7,E,3,1.350909582,40.55117832,78.87358475,420.0947447,1358.58202,0.732
B2,Warmed,Y,N,MAT.W.B2,7,F,3,0.107997013,11.72995311,9.15758926,161.0274012,534.4309537,0.213
B2,Warmed,Y,N,MAT.W.B2,7,G,3,1.318470169,41.63277505,64.58495435,410.2813771,863.0602242,1.332
B2,Warmed,Y,N,MAT.W.B2,7,H,3,1.364316962,36.01878252,62.16082062,412.5043005,1245.269661,1.033
B2,Warmed,Y,N,MAT.W.B2,8,A,3,1.13604648,47.64293782,65.15479278,236.7026673,432.2506513,0.464
B2,Warmed,Y,N,MAT.W.B2,8,B,3,2.232118685,41.16227754,84.29148229,364.5492544,1237.556265,0.468
B2,Warmed,Y,N,MAT.W.B2,8,C,6,2.895006336,13.84634941,27.42812768,8.159395866,252.7671831,0.226
B2,Warmed,Y,N,MAT.W.B2,8,D,6,0.515026477,8.913702795,13.20901063,40.84283379,272.2389628,0.363
B2,Warmed,Y,N,MAT.W.B2,8,E,6,1.889503217,43.53134466,66.47685598,749.3704808,1639.165909,0.508
B2,Warmed,Y,N,MAT.W.B2,8,F,6,3.290290524,47.85969777,97.76507039,1130.505354,2093.274732,0.248
B2,Warmed,Y,N,MAT.W.B2,8,G,6,0.207926509,13.92960285,16.30535676,162.274065,717.1945942,0.175
B2,Warmed,Y,N,MAT.W.B2,8,H,6,2.609574196,54.05392998,91.72491848,962.852521,1849.79564,0.149
B2,Warmed,Y,N,MAT.W.B2,9,A,2,0.563861938,36.34821058,54.59588261,334.5035119,332.1397351,1.101
B2,Warmed,Y,N,MAT.W.B2,9,B,2,0.982979916,88.43093318,137.297009,1450.151579,5005.312018,0.256
B2,Warmed,Y,N,MAT.W.B2,9,C,2,0.546699549,31.7797647,50.32464567,475.6043855,1254.474556,1.056
B2,Warmed,Y,N,MAT.W.B2,9,D,2,0.714576568,36.29283372,83.89841654,144.7654894,656.3127087,0.669
B2,Warmed,Y,N,MAT.W.B2,9,E,2,2.0009384,19.55530804,31.72339747,213.0199785,429.5055947,0.366
B2,Warmed,Y,N,MAT.W.B2,9,F,2,1.388398549,56.558442,71.68916273,262.79651,751.3906201,0.995
B2,Warmed,Y,N,MAT.W.B2,9,G,2,0.961656323,41.66051663,64.96619134,203.3427684,662.4074298,1.106
B2,Warmed,Y,N,MAT.W.B2,9,H,2,0.951683832,39.14400503,69.93631984,305.7007733,877.9460403,0.616
B2,Warmed,Y,N,MAT.W.B2,10,A,2,0.42863872,41.32656686,58.50422607,367.0367878,942.2159805,0.751
B2,Warmed,Y,N,MAT.W.B2,10,B,2,0.671723571,38.40142925,58.45149249,478.0522529,605.2293027,0.979
B2,Warmed,Y,N,MAT.W.B2,10,C,4,0.153592054,10.19551166,9.071168113,178.2764381,18.37510785,0.295
B2,Warmed,Y,N,MAT.W.B2,10,D,4,2.974632401,31.11728996,45.80199938,174.5432112,543.1862613,0.707
B2,Warmed,Y,N,MAT.W.B2,10,E,4,0.8906027,34.85144162,55.5266458,702.4737994,1298.895186,0.93
B2,Warmed,Y,N,MAT.W.B2,10,F,4,2.592934347,20.77082149,85.68511138,44.16550029,630.6082241,0.162
B2,Warmed,Y,N,MAT.W.B2,10,G,4,0.607946043,42.52573122,79.17361589,1247.877022,2813.082617,0.28
B2,Warmed,Y,N,MAT.W.B2,10,H,4,2.36157994,7.058459553,59.21875355,45.89845928,276.3416953,0.593
B2,Warmed,Y,N,MAT.W.B2,11,A,4,NA,14.76468635,2.26687164,7.005228808,67.55438233,0.179
B2,Warmed,Y,N,MAT.W.B2,11,B,4,0.816352552,3.246023078,29.46122805,1.808851356,28.40419627,0.367
B2,Warmed,Y,N,MAT.W.B2,11,C,4,1.090654055,39.82350217,56.40789225,925.6649869,2097.652574,0.424
B2,Warmed,Y,N,MAT.W.B2,11,D,4,3.249491872,30.2252684,43.37817085,354.203038,569.2966107,0.49
B2,Warmed,Y,N,MAT.W.B2,11,E,11,0.658975855,20.1376296,20.47359033,69.0436693,555.1567133,0.172
B2,Warmed,Y,N,MAT.W.B2,11,F,11,7.521969412,43.17597968,103.9493793,540.3053914,1221.452705,0.283
B2,Warmed,Y,N,MAT.W.B2,11,G,7,2.078386154,46.43277408,69.91742831,1107.10667,1469.391479,1.065
B2,Warmed,Y,N,MAT.W.B2,11,H,7,1.699128695,38.37426443,68.38135101,672.7700088,1349.008879,1.05
B3,Warmed,Y,N,MAT.W.B3,3,A,6,0.890481057,0.520476971,43.07983217,44.12126798,265.4690562,0.896
B3,Warmed,Y,N,MAT.W.B3,3,B,6,1.252926669,NA,55.18823679,40.14182253,351.535183,0.354
B3,Warmed,Y,N,MAT.W.B3,3,C,6,1.59050552,0.117907251,49.67021626,10.4840889,349.1282923,0.379
B3,Warmed,Y,N,MAT.W.B3,3,D,6,5.347649458,3.262516035,117.8752199,465.2594221,837.7196524,0.393
B3,Warmed,Y,N,MAT.W.B3,3,E,6,5.356619615,2.659931447,84.84388142,330.1603753,678.8506725,0.42
B3,Warmed,Y,N,MAT.W.B3,3,F,6,1.247673113,0.773571629,63.55169083,6.723298975,277.1984685,0.591
B3,Warmed,Y,N,MAT.W.B3,3,G,6,1.023961253,0.620326774,58.71588134,2.467255749,183.8128765,0.737
B3,Warmed,Y,N,MAT.W.B3,3,H,6,0.750120655,0.354803807,35.41696729,28.43738251,211.1573197,0.746
B3,Warmed,Y,N,MAT.W.B3,4,A,6,1.172796893,7.39497501,60.91679096,12.71246349,281.4538429,0.694
B3,Warmed,Y,N,MAT.W.B3,4,B,6,0.99579941,7.367948106,57.16597348,28.70748521,213.2134374,0.495
B3,Warmed,Y,N,MAT.W.B3,4,C,4,1.540430469,23.19634287,28.71320376,190.265446,512.1925218,0.978
B3,Warmed,Y,N,MAT.W.B3,4,D,4,1.300716328,10.82522893,19.41820527,144.2883515,399.5997012,1.088
B3,Warmed,Y,N,MAT.W.B3,4,E,4,1.400798188,13.22741793,18.34302993,183.3120587,464.9515974,1.406
B3,Warmed,Y,N,MAT.W.B3,4,F,4,0.772641175,3.410899449,9.778425962,1.316703466,175.6596489,1.381
B3,Warmed,Y,N,MAT.W.B3,4,G,4,2.273619909,25.46532367,75.45115647,308.6012325,428.1750857,0.699
B3,Warmed,Y,N,MAT.W.B3,4,H,4,0.845140349,12.84969138,16.53272403,239.99606,514.3273515,0.928
B3,Warmed,Y,N,MAT.W.B3,5,A,4,NA,28.46933053,26.28899572,121.7692171,612.7195418,1.36
B3,Warmed,Y,N,MAT.W.B3,5,B,4,NA,20.40053469,35.57264902,152.184812,743.0549792,1.467
B3,Warmed,Y,N,MAT.W.B3,5,C,4,NA,0.919435635,8.26440392,4.385728139,252.1069235,0.906
B3,Warmed,Y,N,MAT.W.B3,5,D,4,NA,16.36481965,26.73029085,203.8939318,531.2698242,1.272
B3,Warmed,Y,N,MAT.W.B3,5,E,4,NA,12.06297768,19.57652725,24.66746889,434.8880226,1.275
B3,Warmed,Y,N,MAT.W.B3,5,F,1,NA,17.50687188,18.07079139,12.40601599,240.4303923,0.19
B3,Warmed,Y,N,MAT.W.B3,5,G,1,NA,5.250972584,26.13935214,3.068565792,260.6501648,0.417
B3,Warmed,Y,N,MAT.W.B3,5,H,1,NA,5.244715181,11.39174048,0,93.08198573,0.22
B3,Warmed,Y,N,MAT.W.B3,6,A,1,3.760541611,24.01538107,127.7770817,280.1083098,765.1134652,0.245
B3,Warmed,Y,N,MAT.W.B3,6,B,1,1.508121616,15.654057,61.94717197,8.388409391,353.166253,0.281
B3,Warmed,Y,N,MAT.W.B3,6,C,1,0.214893186,54.27063151,112.4690696,2.414324406,297.2138877,0.53
B3,Warmed,Y,N,MAT.W.B3,6,D,1,NA,NA,NA,NA,NA,NA
B3,Warmed,Y,N,MAT.W.B3,6,E,1,1.154148902,9.996312029,36.79978998,12.46851481,89.27646374,0.794
B3,Warmed,Y,N,MAT.W.B3,6,F,1,12.57223788,20.22232215,71.0089777,520.3809015,821.8610112,0.897
B3,Warmed,Y,N,MAT.W.B3,6,G,1,1.066927939,7.675979328,34.65554772,1.603498666,167.0702308,0.462
B3,Warmed,Y,N,MAT.W.B3,6,H,1,0.681201717,11.26476407,17.0295773,0,60.20001037,0.314
B3,Warmed,Y,N,MAT.W.B3,7,A,9,1.294647078,13.27444818,54.72484983,73.92423315,276.126091,1.198
B3,Warmed,Y,N,MAT.W.B3,7,B,9,0.895471042,5.013615142,41.55548041,45.37916168,245.1668332,1.073
B3,Warmed,Y,N,MAT.W.B3,7,C,9,1.308210375,4.261132995,29.62141687,71.1816454,192.4662649,0.843
B3,Warmed,Y,N,MAT.W.B3,7,D,9,0.776386306,8.792179791,39.62143226,19.99675893,0,1.007
B3,Warmed,Y,N,MAT.W.B3,7,E,9,0.936241962,5.220947086,42.21622626,127.6699735,278.8757127,1.141
B3,Warmed,Y,N,MAT.W.B3,7,F,9,1.059553136,5.955581752,41.94375885,69.17418663,270.6796763,0.774
B3,Warmed,Y,N,MAT.W.B3,7,G,9,1.583361401,19.57330045,23.34036973,271.9273953,587.4125314,0.716
B3,Warmed,Y,N,MAT.W.B3,7,H,9,0.68272067,9.877939901,41.53191723,65.05184044,219.7610247,0.939
B3,Warmed,Y,N,MAT.W.B3,8,A,9,0.860176363,11.41300266,60.80421386,1.081483772,170.1712215,0.685
B3,Warmed,Y,N,MAT.W.B3,8,B,9,1.120069554,6.915821763,54.93114578,9.516415995,344.8881029,0.644
B3,Warmed,Y,N,MAT.W.B3,8,C,7,1.654805983,11.09945799,69.86114701,2.28907323,132.4436126,0.559
B3,Warmed,Y,N,MAT.W.B3,8,D,7,1.311131785,7.25202426,48.94924619,1.792145568,253.714096,0.714
B3,Warmed,Y,N,MAT.W.B3,8,E,7,1.517549665,10.43221341,59.34858715,0.358228425,114.5116628,0.564
B3,Warmed,Y,N,MAT.W.B3,8,F,7,2.437198406,35.71285783,30.52471502,409.5182375,871.9579756,0.607
B3,Warmed,Y,N,MAT.W.B3,8,G,7,4.171078817,25.6978286,38.98277306,336.4875751,734.1455699,0.545
B3,Warmed,Y,N,MAT.W.B3,8,H,7,1.223973429,11.77597145,57.61171627,0,505.3972885,0.667
B3,Warmed,Y,N,MAT.W.B3,9,A,7,1.354360661,8.497337565,53.95525822,3.301320783,253.714096,0.714
B3,Warmed,Y,N,MAT.W.B3,9,B,7,1.052548979,9.894505326,57.18495554,14.67996403,266.8784206,0.968
B3,Warmed,Y,N,MAT.W.B3,9,C,7,1.038393235,7.464214362,56.5717073,1.465741049,211.1137821,0.873
B3,Warmed,Y,N,MAT.W.B3,9,D,7,1.574707844,10.69075202,101.6965044,3.949357825,311.1572553,0.324
B3,Warmed,Y,N,MAT.W.B3,9,E,8,1.165687978,19.16563234,27.16809201,274.1348925,464.891077,1.518
B3,Warmed,Y,N,MAT.W.B3,9,F,8,0.95434666,8.417774622,48.7919079,29.65398324,278.2081275,1.642
B3,Warmed,Y,N,MAT.W.B3,9,G,8,1.15202528,9.057070468,28.89479403,19.30142928,83.10405424,2.104
B3,Warmed,Y,N,MAT.W.B3,9,H,8,0.995684561,10.56719675,53.83537198,0,173.8094421,1.151
B3,Warmed,Y,N,MAT.W.B3,10,A,8,1.214460897,2.527273898,44.65185953,7.0235117,113.6133399,1.026
B3,Warmed,Y,N,MAT.W.B3,10,B,8,1.486977442,2.706027031,64.83763235,3.559268541,146.9129787,0.965
B3,Warmed,Y,N,MAT.W.B3,10,C,8,1.420214302,4.30785692,62.51220797,16.51906173,189.9584413,1.219
B3,Warmed,Y,N,MAT.W.B3,10,D,8,2.119079463,17.56084334,25.27809558,256.5975159,656.5679563,0.595
B3,Warmed,Y,N,MAT.W.B3,10,E,8,0.853463428,5.032489937,17.66187152,19.89003008,223.0900787,0.579
B3,Warmed,Y,N,MAT.W.B3,10,F,8,1.55066143,6.410652678,47.83658081,28.98422352,354.3531171,1.587
B3,Warmed,Y,N,MAT.W.B3,10,G,8,2.035398293,23.10281437,86.77766177,0.175840585,167.25718,1.149
B3,Warmed,Y,N,MAT.W.B3,10,H,8,2.87943027,16.56452293,34.23635065,198.6246826,552.4732353,0.69
B3,Warmed,Y,N,MAT.W.B3,11,A,5,1.678307044,45.256643,87.19318765,19.58185599,243.9899877,0.368
B3,Warmed,Y,N,MAT.W.B3,11,B,5,0.814935828,32.13507293,29.22920941,5.652621196,237.9849331,0.417
B3,Warmed,Y,N,MAT.W.B3,11,C,5,10.90396655,45.29872017,94.77013189,1.866036231,186.4886132,0.397
B3,Warmed,Y,N,MAT.W.B3,11,D,5,1.038302514,31.80240625,56.42678158,701.7196136,1105.10019,1.099
B3,Warmed,Y,N,MAT.W.B3,11,E,5,1.445493874,19.28384998,60.62586443,0.4776379,238.3332168,0.423
B3,Warmed,Y,N,MAT.W.B3,11,F,5,1.932719782,79.34106108,125.1822961,30.70228328,319.679761,0.34
B3,Warmed,Y,N,MAT.W.B3,11,G,5,3.043690307,125.5994846,116.1619871,0,291.5925385,0.497
B3,Warmed,Y,N,MAT.W.B3,11,H,5,1.516393656,72.45358992,72.30837155,6.621188311,283.1880638,0.356
B3,Warmed,Y,N,MAT.W.B3,12,A,2,1.149892981,4.489560033,29.3121414,27.64769279,246.1701099,1.235
B3,Warmed,Y,N,MAT.W.B3,12,B,2,1.529990473,17.70575688,70.14715776,47.46260888,215.0170499,0.674
B3,Warmed,Y,N,MAT.W.B3,12,C,2,1.646652596,4.618323685,39.07346481,53.2485499,294.2465349,0.621
B3,Warmed,Y,N,MAT.W.B3,12,D,2,2.231166287,34.32078855,27.56711601,235.2359875,635.4635565,0.704
B3,Warmed,Y,N,MAT.W.B3,12,E,2,0.916091648,4.959567894,26.45065637,105.6179011,238.3194753,0.813
B3,Warmed,Y,N,MAT.W.B3,12,F,2,1.458890569,7.055336092,44.40807937,29.87814061,253.0950876,1.251
B3,Warmed,Y,N,MAT.W.B3,12,G,2,2.702108643,23.37148149,31.62483238,205.8311575,629.5794994,1.226
B3,Warmed,Y,N,MAT.W.B3,12,H,2,1.658738592,9.768292798,44.03115864,0,231.5091526,0.973
B4,Warmed,Y,N,MAT.W.B4,3,A,9,0.813259895,20.66355193,35.98477744,393.9700745,1409.851349,1.026
B4,Warmed,Y,N,MAT.W.B4,3,B,9,0.933885717,24.599963,52.55684111,1478.789188,2624.653867,0.647
B4,Warmed,Y,N,MAT.W.B4,3,C,9,0.925230264,30.95521175,74.66348983,1638.247211,2730.847097,0.616
B4,Warmed,Y,N,MAT.W.B4,3,D,9,0.920623674,31.70179683,62.69474144,1533.911552,1554.87235,1.042
B4,Warmed,Y,N,MAT.W.B4,3,E,9,0.551646285,21.74771524,49.71051698,1560.060663,2347.835776,0.718
B4,Warmed,Y,N,MAT.W.B4,3,F,9,0.57258595,24.23724016,62.22275485,456.664386,1491.989212,1.175
B4,Warmed,Y,N,MAT.W.B4,3,G,9,0.61218243,29.67178691,75.3820234,1169.494662,2187.270512,1.175
B4,Warmed,Y,N,MAT.W.B4,3,H,9,0.429263056,27.06515272,59.48643781,2522.536506,2459.306857,0.666
B4,Warmed,Y,N,MAT.W.B4,4,A,9,1.468941376,28.91311331,86.71359248,1942.958592,2176.554242,0.413
B4,Warmed,Y,N,MAT.W.B4,4,B,5,1.521191179,33.91597877,89.40951277,555.7460306,1145.91835,1.751
B4,Warmed,Y,N,MAT.W.B4,4,C,5,2.711661507,40.57662143,108.4332046,1330.636012,1312.25325,1.078
B4,Warmed,Y,N,MAT.W.B4,4,D,5,1.939859945,26.34334903,79.88686037,759.6582127,1042.761518,1.671
B4,Warmed,Y,N,MAT.W.B4,4,E,5,1.215362178,21.58554526,94.48088591,799.0498815,786.2558469,1.7
B4,Warmed,Y,N,MAT.W.B4,4,F,5,1.664132275,30.87929695,83.02439277,861.3391475,785.774116,1.683
B4,Warmed,Y,N,MAT.W.B4,4,G,5,3.92546595,7.281586412,102.700942,0,487.9858445,1.094
B4,Warmed,Y,N,MAT.W.B4,4,H,5,4.676698004,12.04480635,240.426407,15.30612363,1523.993189,0.391
B4,Warmed,Y,N,MAT.W.B4,5,A,5,1.375827238,2.571330892,127.8361987,44.00510543,1517.392996,1.16
B4,Warmed,Y,N,MAT.W.B4,5,B,5,2.068546835,4.193596268,147.3217087,2.396647195,1484.265949,1.322
B4,Warmed,Y,N,MAT.W.B4,5,C,5,1.85041205,5.519458861,187.7717608,34.95875972,1278.933947,0.574
B4,Warmed,Y,N,MAT.W.B4,5,D,5,1.754875621,3.527481809,148.410671,16.74440207,919.4763729,0.862
B4,Warmed,Y,N,MAT.W.B4,5,E,4,0.706254701,18.19144195,64.20891699,1090.875806,2410.128045,0.859
B4,Warmed,Y,N,MAT.W.B4,5,F,4,2.071941309,27.04184935,87.59983702,1042.676841,2454.125032,0.775
B4,Warmed,Y,N,MAT.W.B4,5,G,4,2.477520479,39.19567421,123.7099192,2528.594355,4541.103126,0.404
B4,Warmed,Y,N,MAT.W.B4,5,H,4,0.355689329,29.27789517,63.38165252,2209.545238,3217.127486,0.432
B4,Warmed,Y,N,MAT.W.B4,6,A,4,0.939949633,22.99633715,58.4682038,775.1697628,1962.756706,0.932
B4,Warmed,Y,N,MAT.W.B4,6,B,4,0.921615253,24.75176812,60.93728541,738.9014472,2244.675643,0.916
B4,Warmed,Y,N,MAT.W.B4,6,C,4,0.61218243,24.90237604,48.7492991,936.3794071,2555.967988,0.715
B4,Warmed,Y,N,MAT.W.B4,6,D,4,0.583794939,15.36937785,44.22726517,568.0443986,1779.58126,1.488
B4,Warmed,Y,N,MAT.W.B4,6,E,4,1.06791824,19.85552627,48.99944638,1120.83099,2611.090346,0.63
B4,Warmed,Y,N,MAT.W.B4,6,F,4,0.713362582,20.67325893,38.37435284,1395.352999,2316.700985,0.72
B4,Warmed,Y,N,MAT.W.B4,6,G,2,0.519517135,1.947845406,1.222491125,49.54648908,674.1828607,0.621
B4,Warmed,Y,N,MAT.W.B4,6,H,1,15.25592944,60.67803871,26.12363542,0,144.2277264,0.642
B4,Warmed,Y,N,MAT.W.B4,7,A,1,18.2566649,54.99879573,94.15225037,0,191.6899511,0.557
B4,Warmed,Y,N,MAT.W.B4,7,B,1,15.71609967,34.16773538,69.7768084,3.537252494,412.2976114,0.418
B4,Warmed,Y,N,MAT.W.B4,7,C,1,14.51102371,39.96521864,73.93327587,9.462369492,182.4636107,0.692
B4,Warmed,Y,N,MAT.W.B4,7,D,1,0.716776413,13.71407359,59.05493659,627.7552437,668.9030889,2.189
B4,Warmed,Y,N,MAT.W.B4,7,E,1,NA,1.403601771,12.95226981,133.1553449,1085.778733,0.193
B4,Warmed,Y,N,MAT.W.B4,7,F,1,24.61381492,42.65367143,80.61361289,40.27347249,303.0355647,0.75
B4,Warmed,Y,N,MAT.W.B4,7,G,1,1.030536326,22.90216425,76.34203575,1144.788405,1463.029241,0.698
B4,Warmed,Y,N,MAT.W.B4,7,H,3,8.042561713,30.19938802,102.276052,0,230.6564432,0.509
B4,Warmed,Y,N,MAT.W.B4,8,A,3,9.600812262,48.12694439,123.7429888,0,0,0.369
B4,Warmed,Y,N,MAT.W.B4,8,B,3,0.341894306,7.185908361,9.207911237,1.507917946,362.7481422,0.607
B4,Warmed,Y,N,MAT.W.B4,8,C,3,4.827288334,17.01146597,122.2229143,257.4211701,660.1738662,0.253
B4,Warmed,Y,N,MAT.W.B4,8,D,3,2.037141049,27.21117157,96.80023798,2598.437391,1872.143155,0.412
B4,Warmed,Y,N,MAT.W.B4,8,E,3,0.741965106,13.73887447,20.51823037,48.72245273,483.7936209,0.25
B4,Warmed,Y,N,MAT.W.B4,8,F,3,10.6302078,31.90220862,124.171002,6.571429078,340.644267,0.225
B4,Warmed,Y,N,MAT.W.B4,8,G,8,0.974508225,20.93910137,92.96467892,936.064597,889.4806091,0.909
B4,Warmed,Y,N,MAT.W.B4,8,H,8,1.482971759,30.90541106,150.1051674,1850.608978,2403.382596,0.419
B4,Warmed,Y,N,MAT.W.B4,9,A,8,30.426282,24.14364584,103.1735855,177.3821523,484.6128272,1.577
B4,Warmed,Y,N,MAT.W.B4,9,B,8,0.8093715,28.05435317,113.95131,708.9267586,2190.523195,0.683
B4,Warmed,Y,N,MAT.W.B4,9,C,8,6.092202573,16.99311426,87.30971615,46.23577898,682.9263777,0.434
B4,Warmed,Y,N,MAT.W.B4,9,D,8,29.2603673,20.11917867,85.38319607,171.3330541,446.4140484,1.442
B4,Warmed,Y,N,MAT.W.B4,9,E,8,1.052655155,25.06344122,111.6194242,514.8137352,1760.56025,0.574
B4,Warmed,Y,N,MAT.W.B4,9,F,8,0.35038864,13.89142899,105.5879729,1436.895782,1978.348104,0.767
B4,Warmed,Y,N,MAT.W.B4,9,G,8,1.23184063,28.37323861,113.4337509,1130.829705,2378.680222,0.737
B4,Warmed,Y,N,MAT.W.B4,9,H,8,5.484373555,31.84011986,56.54548042,213.0738764,645.8494722,0.533
B4,Warmed,Y,N,MAT.W.B4,10,A,6,7.494568747,19.22756619,92.25684591,292.4729568,376.1740692,0.656
B4,Warmed,Y,N,MAT.W.B4,10,B,6,1.913608988,25.55900866,55.48388903,397.9672986,1441.811942,1.136
B4,Warmed,Y,N,MAT.W.B4,10,C,6,4.578727293,19.57796748,90.7302825,245.5978156,324.7612423,0.678
B4,Warmed,Y,N,MAT.W.B4,10,D,6,2.81829334,12.81735035,73.88213366,215.3862292,288.9168467,1.032
B4,Warmed,Y,N,MAT.W.B4,10,E,6,4.325434752,15.98780124,94.64804271,226.3119708,475.9714149,0.686
B4,Warmed,Y,N,MAT.W.B4,10,F,6,0.129387794,13.02874923,30.34104707,238.2658113,786.512974,2.096
B4,Warmed,Y,N,MAT.W.B4,10,G,6,5.430126558,16.95269615,90.66129468,188.5090215,401.5773169,0.716
B4,Warmed,Y,N,MAT.W.B4,10,H,6,3.536134849,13.80555528,67.51941215,227.1879197,386.4910154,0.666
B1,Warmed.Fertilized,Y,Y,MAT.WF.B1,3,A,4,1.940965464,36.64606293,62.49571331,416.2882974,478.400444,0.808
B1,Warmed.Fertilized,Y,Y,MAT.WF.B1,3,B,4,0.731485743,15.8660593,156.7992788,75.267324,641.6719635,0.213
B1,Warmed.Fertilized,Y,Y,MAT.WF.B1,3,C,4,1.23774849,30.17077528,58.53545009,18.8166233,351.0870881,1.313
B1,Warmed.Fertilized,Y,Y,MAT.WF.B1,3,D,4,1.707864261,9.768589043,118.8724101,3.060698742,219.6141567,0.582
B1,Warmed.Fertilized,Y,Y,MAT.WF.B1,3,E,4,0.999733164,8.324361705,127.5246318,11.04416942,246.7078127,0.554
B1,Warmed.Fertilized,Y,Y,MAT.WF.B1,3,F,4,1.394980741,8.984916849,105.9532102,5.913592494,122.7620093,0.406
B1,Warmed.Fertilized,Y,Y,MAT.WF.B1,3,G,4,1.414718188,10.96682261,138.9524587,50.21417745,300.387095,0.455
B1,Warmed.Fertilized,Y,Y,MAT.WF.B1,3,H,4,0.281061034,6.689174174,80.24817185,0,136.6808414,0.611
B1,Warmed.Fertilized,Y,Y,MAT.WF.B1,4,A,4,1.582002297,31.16884931,47.31737992,455.2978645,288.3115835,0.849
B1,Warmed.Fertilized,Y,Y,MAT.WF.B1,4,B,4,2.130811684,40.98311819,72.79919545,178.4246031,472.0134232,0.451
B1,Warmed.Fertilized,Y,Y,MAT.WF.B1,4,C,9,0.886267597,45.54318619,145.3224342,1958.172035,4037.407963,0.367
B1,Warmed.Fertilized,Y,Y,MAT.WF.B1,4,D,9,1.052449192,17.39041871,30.70349051,3.209212109,196.4282581,0.362
B1,Warmed.Fertilized,Y,Y,MAT.WF.B1,4,E,9,0.454909382,11.84490775,49.10853911,5.86506881,89.89728187,0.515
B1,Warmed.Fertilized,Y,Y,MAT.WF.B1,4,F,9,0.722869703,73.35751491,133.3988967,1.060945008,87.59539609,1.095
B1,Warmed.Fertilized,Y,Y,MAT.WF.B1,4,G,9,1.098133813,62.55672394,84.62540205,0.454335074,131.7667971,2.557
B1,Warmed.Fertilized,Y,Y,MAT.WF.B1,4,H,9,1.05316986,58.20262953,91.61510203,0,154.5299158,2.123
B1,Warmed.Fertilized,Y,Y,MAT.WF.B1,5,A,9,1.285780098,69.28552557,128.3487356,0,143.5103172,1.187
B1,Warmed.Fertilized,Y,Y,MAT.WF.B1,5,B,9,1.038484871,99.20461575,198.1383274,0,98.08707662,0.472
B1,Warmed.Fertilized,Y,Y,MAT.WF.B1,5,C,9,1.087222301,71.91886252,134.3979329,0,138.9221721,0.818
B1,Warmed.Fertilized,Y,Y,MAT.WF.B1,5,D,9,1.31163202,5.789951518,16.95863206,0,288.24545,1.298
B1,Warmed.Fertilized,Y,Y,MAT.WF.B1,5,E,8,2.166769761,84.02880457,144.0824578,20.10768332,981.6296407,1.013
B1,Warmed.Fertilized,Y,Y,MAT.WF.B1,5,F,8,0.872900396,6.460932833,83.31322667,1.651250724,189.066628,1.454
B1,Warmed.Fertilized,Y,Y,MAT.WF.B1,5,G,8,0.780255965,8.432074965,92.02862159,9.215448915,346.0155145,0.395
B1,Warmed.Fertilized,Y,Y,MAT.WF.B1,5,H,8,0.602085947,6.584549382,50.92739028,0.797268969,164.5091161,0.68
B1,Warmed.Fertilized,Y,Y,MAT.WF.B1,6,A,8,1.026041042,13.10356454,119.8896076,0.495560237,202.6862366,1.094
B1,Warmed.Fertilized,Y,Y,MAT.WF.B1,6,B,8,0.21099693,34.71074401,34.97212126,67.17514054,146.5137123,1.078
B1,Warmed.Fertilized,Y,Y,MAT.WF.B1,6,C,8,0.613702328,3.98708244,63.66984442,0.482763044,80.67724425,1.123
B1,Warmed.Fertilized,Y,Y,MAT.WF.B1,6,D,8,1.672308922,87.55069345,156.1876577,1.320153163,177.4655047,0.88
B1,Warmed.Fertilized,Y,Y,MAT.WF.B1,6,E,8,1.964124875,15.37898147,189.9621944,0,220.4178846,0.403
B1,Warmed.Fertilized,Y,Y,MAT.WF.B1,6,F,8,0.255251739,13.30415585,21.81338817,22.47931778,100.2163712,0.851
B1,Warmed.Fertilized,Y,Y,MAT.WF.B1,6,G,1,2.657964827,31.2665007,51.61536837,0,127.775959,1.139
B1,Warmed.Fertilized,Y,Y,MAT.WF.B1,6,H,1,3.35912446,35.151535,61.58205766,0,97.22870646,1.187
B1,Warmed.Fertilized,Y,Y,MAT.WF.B1,7,A,1,4.817508974,39.41364776,79.99302638,0.739621963,126.0200315,0.733
B1,Warmed.Fertilized,Y,Y,MAT.WF.B1,7,B,1,5.019951612,44.34049266,80.57479577,0.905079965,47.70571304,0.599
B1,Warmed.Fertilized,Y,Y,MAT.WF.B1,7,C,1,2.4050537,40.36447998,58.7144179,0.807962592,150.869407,0.671
B1,Warmed.Fertilized,Y,Y,MAT.WF.B1,7,D,1,3.852534462,35.32584716,62.95143783,0,46.61828407,0.689
B1,Warmed.Fertilized,Y,Y,MAT.WF.B1,7,E,1,3.911982513,46.20340893,96.4996311,0.946148166,148.8379265,0.573
B1,Warmed.Fertilized,Y,Y,MAT.WF.B1,7,F,1,5.124943699,39.43803356,85.04590113,0.573089745,56.43303529,0.946
B1,Warmed.Fertilized,Y,Y,MAT.WF.B1,7,G,5,NA,NA,NA,NA,NA,NA
B1,Warmed.Fertilized,Y,Y,MAT.WF.B1,7,H,5,1.969107754,44.47864389,64.59747683,270.7395252,785.1203384,0.7
B1,Warmed.Fertilized,Y,Y,MAT.WF.B1,8,A,5,2.854000097,42.89980965,58.60498032,437.6499062,1379.968043,0.736
B1,Warmed.Fertilized,Y,Y,MAT.WF.B1,8,B,5,3.827130417,37.76639441,73.75612899,385.2717052,1065.257996,0.471
B1,Warmed.Fertilized,Y,Y,MAT.WF.B1,8,C,5,2.767098442,27.72980491,57.94004447,248.5730646,920.778468,0.568
B1,Warmed.Fertilized,Y,Y,MAT.WF.B1,8,D,7,2.143138141,62.19322093,95.83847367,0.545671575,780.8768335,2.129
B1,Warmed.Fertilized,Y,Y,MAT.WF.B1,8,E,7,2.904127928,76.39656407,142.9240956,1.082697841,555.1349672,1.073
B1,Warmed.Fertilized,Y,Y,MAT.WF.B1,8,F,7,1.843382798,66.98074056,100.1174865,0.297880714,427.5769306,1.82
B1,Warmed.Fertilized,Y,Y,MAT.WF.B1,8,G,7,5.443395029,152.3608145,295.6301409,0,1390.746388,0.557
B1,Warmed.Fertilized,Y,Y,MAT.WF.B1,8,H,7,1.890287355,72.72422296,101.4818746,0,789.0320148,1.687
B1,Warmed.Fertilized,Y,Y,MAT.WF.B1,9,A,7,1.733320838,81.63100666,77.54474367,2.598713599,218.6906826,2.116
B1,Warmed.Fertilized,Y,Y,MAT.WF.B1,9,B,7,1.879529115,70.96650518,70.43128632,0.870213321,515.2142215,2.047
B1,Warmed.Fertilized,Y,Y,MAT.WF.B1,9,C,7,2.902749256,80.04605741,78.03962226,0.961839454,443.1540611,1.852
B1,Warmed.Fertilized,Y,Y,MAT.WF.B1,9,D,7,2.400696633,81.42456375,93.53477075,1.508320633,390.3279819,1.181
B1,Warmed.Fertilized,Y,Y,MAT.WF.B1,9,E,7,1.122267764,15.70782829,74.37011201,21.45982308,549.0242906,1.44
B1,Warmed.Fertilized,Y,Y,MAT.WF.B1,9,F,3,1.324608587,23.05777054,30.65863961,134.0680326,496.1533779,1.372
B1,Warmed.Fertilized,Y,Y,MAT.WF.B1,9,G,3,0.987400209,24.71125844,34.91727666,106.2672127,596.8454153,0.903
B1,Warmed.Fertilized,Y,Y,MAT.WF.B1,9,H,3,1.422039564,20.48105798,26.3405528,264.3022862,711.9947364,0.635
B1,Warmed.Fertilized,Y,Y,MAT.WF.B1,10,A,3,0.981464328,23.08619679,123.4684291,200.1521208,514.8848864,0.854
B1,Warmed.Fertilized,Y,Y,MAT.WF.B1,10,B,3,1.271570321,27.35483181,126.7356144,171.2212999,508.9267203,0.669
B1,Warmed.Fertilized,Y,Y,MAT.WF.B1,10,C,3,1.262996383,23.55911308,89.6610091,187.1814732,390.2387637,0.986
B1,Warmed.Fertilized,Y,Y,MAT.WF.B1,10,D,3,1.987051805,29.95537467,89.34000921,179.8850042,938.3543931,0.716
B2,Warmed.Fertilized,Y,Y,MAT.WF.B2,3,A,8,0.375293113,1.977912341,6.580648201,0,95.48091159,0.391
B2,Warmed.Fertilized,Y,Y,MAT.WF.B2,3,B,8,2.24882332,22.27077921,26.23539161,227.0324698,513.663132,0.253
B2,Warmed.Fertilized,Y,Y,MAT.WF.B2,3,C,8,0.281790899,23.01798292,29.63794323,0,68.18175304,0.603
B2,Warmed.Fertilized,Y,Y,MAT.WF.B2,3,D,8,0.961193282,12.40032411,19.11434911,3.188902189,196.7210339,0.43
B2,Warmed.Fertilized,Y,Y,MAT.WF.B2,3,E,8,2.502457344,20.8460497,22.34682403,216.2012566,948.0100216,0.494
B2,Warmed.Fertilized,Y,Y,MAT.WF.B2,3,F,8,NA,NA,NA,NA,NA,NA
B2,Warmed.Fertilized,Y,Y,MAT.WF.B2,3,G,8,0.426627989,2.434448218,7.140531237,23.15851634,94.51401628,0.375
B2,Warmed.Fertilized,Y,Y,MAT.WF.B2,3,H,8,5.009716523,32.24551417,33.46915998,236.4893681,1093.116653,0.297
B2,Warmed.Fertilized,Y,Y,MAT.WF.B2,4,A,8,1.497523396,16.31625703,16.32297154,194.5827692,496.5805705,0.433
B2,Warmed.Fertilized,Y,Y,MAT.WF.B2,4,B,8,0.111268501,19.98358636,27.92687522,0.279557175,349.4417299,0.545
B2,Warmed.Fertilized,Y,Y,MAT.WF.B2,4,C,2,1.969175252,42.54714522,52.83494067,0,629.8091037,1.662
B2,Warmed.Fertilized,Y,Y,MAT.WF.B2,4,D,2,3.363402002,31.94948978,81.7133046,4.986283422,610.0450142,0.275
B2,Warmed.Fertilized,Y,Y,MAT.WF.B2,4,E,2,2.343956981,25.86945115,78.50714103,3.686096616,562.7649088,0.372
B2,Warmed.Fertilized,Y,Y,MAT.WF.B2,4,F,2,0.426021829,7.529374999,40.2767722,100.0531942,185.1236074,0.702
B2,Warmed.Fertilized,Y,Y,MAT.WF.B2,4,G,2,0.214054917,22.07752043,31.61612441,126.9655501,266.4950003,0.438
B2,Warmed.Fertilized,Y,Y,MAT.WF.B2,4,H,2,1.334463736,46.6511363,59.50632722,904.6917825,2364.394754,0.306
B2,Warmed.Fertilized,Y,Y,MAT.WF.B2,5,A,2,2.298557219,46.79023834,63.22482619,819.9597841,1931.019126,0.406
B2,Warmed.Fertilized,Y,Y,MAT.WF.B2,5,B,2,1.573616882,30.06796147,69.65525572,1264.576879,2827.79839,0.31
B2,Warmed.Fertilized,Y,Y,MAT.WF.B2,5,C,2,1.589268838,39.00295275,58.0186002,1122.203081,2807.041606,0.383
B2,Warmed.Fertilized,Y,Y,MAT.WF.B2,5,D,5,1.887030756,39.99946137,39.61691105,2.405663055,2373.628321,0.57
B2,Warmed.Fertilized,Y,Y,MAT.WF.B2,5,E,5,1.058671119,14.78191626,28.37964587,3.851763879,1612.844519,0.356
B2,Warmed.Fertilized,Y,Y,MAT.WF.B2,5,F,5,8.369590987,36.60946967,52.43251359,0,1046.720648,0.321
B2,Warmed.Fertilized,Y,Y,MAT.WF.B2,5,G,5,NA,NA,NA,NA,NA,NA
B2,Warmed.Fertilized,Y,Y,MAT.WF.B2,5,H,4,1.510014382,6.297915866,22.62757255,51.74864112,374.0605747,0.686
B2,Warmed.Fertilized,Y,Y,MAT.WF.B2,6,A,4,1.319140691,18.30639282,30.48573009,68.45767331,508.3166836,0.661
B2,Warmed.Fertilized,Y,Y,MAT.WF.B2,6,B,4,NA,NA,NA,NA,NA,NA
B2,Warmed.Fertilized,Y,Y,MAT.WF.B2,6,C,4,2.333623445,13.53846158,21.24016601,73.06761764,333.8732648,0.661
B2,Warmed.Fertilized,Y,Y,MAT.WF.B2,6,D,4,3.784920228,13.75079585,57.43640045,217.748643,744.3485832,0.233
B2,Warmed.Fertilized,Y,Y,MAT.WF.B2,6,E,4,3.792670388,8.964429145,22.91178873,17.35195851,408.2480426,0.36
B2,Warmed.Fertilized,Y,Y,MAT.WF.B2,6,F,4,2.864708837,16.56205437,27.79724944,36.77622831,1072.245219,0.435
B2,Warmed.Fertilized,Y,Y,MAT.WF.B2,6,G,4,1.133675043,21.19034499,34.8047223,61.04112986,156.0087128,0.312
B2,Warmed.Fertilized,Y,Y,MAT.WF.B2,6,H,6,1.624646585,19.44078034,15.41037466,128.8182663,452.2881037,0.233
B2,Warmed.Fertilized,Y,Y,MAT.WF.B2,7,A,6,3.492568229,44.92982656,95.33791537,0,234.0972163,0.216
B2,Warmed.Fertilized,Y,Y,MAT.WF.B2,7,B,6,1.61021133,29.09072764,70.88998447,12.54892065,752.357213,1.032
B2,Warmed.Fertilized,Y,Y,MAT.WF.B2,7,C,6,1.509682409,3.169921976,40.73252502,41.27441963,365.0959492,0.299
B2,Warmed.Fertilized,Y,Y,MAT.WF.B2,7,D,6,NA,NA,NA,NA,NA,NA
B2,Warmed.Fertilized,Y,Y,MAT.WF.B2,7,E,6,2.48027663,25.04773841,47.11330642,963.6317828,2094.402237,0.933
B2,Warmed.Fertilized,Y,Y,MAT.WF.B2,7,F,6,3.55789219,25.82119017,132.5493819,13.80750357,707.3783406,0.32
B2,Warmed.Fertilized,Y,Y,MAT.WF.B2,7,G,6,3.826604489,20.15907436,50.34265657,133.1335926,636.5533904,0.317
B2,Warmed.Fertilized,Y,Y,MAT.WF.B2,7,H,6,6.105526681,28.32291091,67.4955569,291.0958506,536.7269468,0.302
B2,Warmed.Fertilized,Y,Y,MAT.WF.B2,8,A,6,0.64777985,5.315194644,42.12945263,3.805161342,458.4071419,1.001
B2,Warmed.Fertilized,Y,Y,MAT.WF.B2,8,B,6,2.028877809,3.22104194,51.22904344,53.42036008,367.6634451,0.482
B2,Warmed.Fertilized,Y,Y,MAT.WF.B2,8,C,1,2.936984768,10.03190867,51.03031876,1.885626982,555.620764,0.404
B2,Warmed.Fertilized,Y,Y,MAT.WF.B2,8,D,1,1.642939702,4.229772496,31.07929288,4.013749648,269.0600625,1.86
B2,Warmed.Fertilized,Y,Y,MAT.WF.B2,8,E,1,1.743025569,3.473323279,35.20485017,29.36684098,244.4017024,0.524
B2,Warmed.Fertilized,Y,Y,MAT.WF.B2,8,F,1,1.209543731,20.20330022,26.23862512,0,85.38852506,0.725
B2,Warmed.Fertilized,Y,Y,MAT.WF.B2,8,G,1,0.532329985,37.80866752,64.91461284,8.649181579,278.5893493,0.229
B2,Warmed.Fertilized,Y,Y,MAT.WF.B2,8,H,1,1.286064892,9.97429428,39.1381702,22.69649657,303.1976186,0.678
B2,Warmed.Fertilized,Y,Y,MAT.WF.B2,9,A,1,0.961084348,28.55114876,43.54540195,13.9397169,551.4581849,0.623
B2,Warmed.Fertilized,Y,Y,MAT.WF.B2,9,B,1,1.071833165,8.010932758,31.82880357,19.04483252,220.4056697,0.744
B2,Warmed.Fertilized,Y,Y,MAT.WF.B2,9,C,1,2.470644458,48.14299235,56.18312749,0.142391271,301.6498744,1.07
B2,Warmed.Fertilized,Y,Y,MAT.WF.B2,9,D,1,0.561488657,32.3730372,40.68376243,1.026675607,327.9967546,0.742
B2,Warmed.Fertilized,Y,Y,MAT.WF.B2,9,E,1,1.138318534,2.573375045,18.57156946,47.13968988,137.5758853,0.766
B2,Warmed.Fertilized,Y,Y,MAT.WF.B2,9,F,1,1.65526567,4.330237764,30.32267716,12.58113178,211.5825137,1.32
B2,Warmed.Fertilized,Y,Y,MAT.WF.B2,9,G,3,7.344855528,35.64194858,46.25846579,0,123.0465495,0.795
B2,Warmed.Fertilized,Y,Y,MAT.WF.B2,9,H,3,6.486155658,2.038509517,1.888127667,21.89061209,247.1487207,0.174
B2,Warmed.Fertilized,Y,Y,MAT.WF.B2,10,A,3,5.051072102,15.49883419,77.7643738,184.0764481,1459.872631,0.269
B2,Warmed.Fertilized,Y,Y,MAT.WF.B2,10,B,3,3.651855852,25.38953799,27.46395134,403.3517145,712.109737,0.363
B2,Warmed.Fertilized,Y,Y,MAT.WF.B2,10,C,3,1.289271534,11.86069772,12.27857838,155.1542319,472.5700814,0.327
B2,Warmed.Fertilized,Y,Y,MAT.WF.B2,10,D,3,3.01448862,20.80968928,31.55306475,570.301423,1014.730963,0.292
B2,Warmed.Fertilized,Y,Y,MAT.WF.B2,10,E,3,3.104505092,21.75779284,23.73481289,492.5339958,864.3736398,0.275
B2,Warmed.Fertilized,Y,Y,MAT.WF.B2,10,F,3,3.257007097,29.2487044,21.75071815,225.6741056,735.5038109,0.133
B2,Warmed.Fertilized,Y,Y,MAT.WF.B2,10,G,3,4.796953692,20.07447644,80.03359825,217.8965317,707.2833813,0.451
B2,Warmed.Fertilized,Y,Y,MAT.WF.B2,10,H,3,1.454469405,21.20171676,42.80381456,1580.721099,3383.081155,0.472
B2,Warmed.Fertilized,Y,Y,MAT.WF.B2,11,A,9,0.314244022,27.95350298,20.58962132,1.168992277,81.78322807,1.173
B2,Warmed.Fertilized,Y,Y,MAT.WF.B2,11,B,9,3.940405472,26.11002432,51.78751438,261.1581173,434.6666596,0.773
B2,Warmed.Fertilized,Y,Y,MAT.WF.B2,11,C,9,0.41517546,35.31211525,23.85947,1.697225863,129.1772545,1.167
B2,Warmed.Fertilized,Y,Y,MAT.WF.B2,11,D,9,1.13303254,7.659724622,26.63196573,243.8037891,333.770028,1.018
B2,Warmed.Fertilized,Y,Y,MAT.WF.B2,11,E,9,3.117284263,24.18786077,34.5958996,302.8767458,349.5115636,0.745
B2,Warmed.Fertilized,Y,Y,MAT.WF.B2,11,F,9,2.238877166,11.6395379,62.00581004,211.0993484,519.7457522,0.581
B2,Warmed.Fertilized,Y,Y,MAT.WF.B2,11,G,9,2.6371985,60.14144085,64.39838188,0,474.3755068,1.047
B2,Warmed.Fertilized,Y,Y,MAT.WF.B2,11,H,9,0.551053232,35.39526986,32.3109513,1.053656017,281.7119019,0.723
B3,Warmed.Fertilized,Y,Y,MAT.WF.B3,3,A,7,1.916649503,24.0725642,77.54223402,1202.623999,1992.143258,0.567
B3,Warmed.Fertilized,Y,Y,MAT.WF.B3,3,B,7,1.69153424,17.88779995,95.62025787,770.2203415,1544.387388,0.907
B3,Warmed.Fertilized,Y,Y,MAT.WF.B3,3,C,7,1.273692048,16.19491667,63.42437034,503.9744261,835.9927017,1.941
B3,Warmed.Fertilized,Y,Y,MAT.WF.B3,3,D,7,1.459172415,18.84367471,105.2511949,858.2678311,1571.004651,0.996
B3,Warmed.Fertilized,Y,Y,MAT.WF.B3,3,E,7,2.581977893,30.31884365,129.9709232,1425.848872,2489.180551,0.431
B3,Warmed.Fertilized,Y,Y,MAT.WF.B3,3,F,7,2.458361502,16.65898511,109.5437635,946.4768396,1897.876517,0.614
B3,Warmed.Fertilized,Y,Y,MAT.WF.B3,3,G,7,2.864400805,30.62220248,158.4971175,1526.256292,2571.83218,0.409
B3,Warmed.Fertilized,Y,Y,MAT.WF.B3,3,H,7,1.461724509,25.56659021,108.2762257,1398.064624,2508.664457,0.465
B3,Warmed.Fertilized,Y,Y,MAT.WF.B3,4,A,7,1.700125465,17.428271,92.97589254,1321.036209,1841.284765,0.663
B3,Warmed.Fertilized,Y,Y,MAT.WF.B3,4,B,9,1.794016815,4.844513838,108.4304325,1.542296427,278.6216378,0.917
B3,Warmed.Fertilized,Y,Y,MAT.WF.B3,4,C,9,1.858622702,5.923473504,102.3080619,68.57702513,300.6922992,0.657
B3,Warmed.Fertilized,Y,Y,MAT.WF.B3,4,D,9,0.920420456,2.835713899,87.24920046,10.54933333,332.5292907,0.798
B3,Warmed.Fertilized,Y,Y,MAT.WF.B3,4,E,9,1.698426055,4.825085781,109.2692178,88.93250293,346.6328128,0.858
B3,Warmed.Fertilized,Y,Y,MAT.WF.B3,4,F,9,1.573960861,3.657551638,89.42262631,70.84671493,334.6024728,0.712
B3,Warmed.Fertilized,Y,Y,MAT.WF.B3,4,G,9,1.416101086,3.895461735,91.34690799,60.21710168,465.8348046,0.784
B3,Warmed.Fertilized,Y,Y,MAT.WF.B3,4,H,9,1.044896105,3.492129154,63.80586485,28.37301806,320.6317883,1.512
B3,Warmed.Fertilized,Y,Y,MAT.WF.B3,5,A,9,1.035529416,1.178835901,69.69776997,3.44226713,193.6661357,1.663
B3,Warmed.Fertilized,Y,Y,MAT.WF.B3,5,B,9,1.475177573,3.89870413,93.00718396,9.281027614,253.0199314,0.849
B3,Warmed.Fertilized,Y,Y,MAT.WF.B3,5,C,9,1.29804609,4.623289697,68.70343657,0,212.6371531,1.59
B3,Warmed.Fertilized,Y,Y,MAT.WF.B3,5,D,9,1.226121424,3.553393041,103.6115103,5.803882976,315.2137659,0.615
B3,Warmed.Fertilized,Y,Y,MAT.WF.B3,5,E,1,3.987131966,19.27599788,65.94979769,336.0906367,763.5864969,1.673
B3,Warmed.Fertilized,Y,Y,MAT.WF.B3,5,F,1,5.303590046,24.6045475,81.58361218,244.6624992,789.1733573,0.858
B3,Warmed.Fertilized,Y,Y,MAT.WF.B3,5,G,1,4.146428141,25.31948688,70.26255689,300.4225646,708.345521,1.391
B3,Warmed.Fertilized,Y,Y,MAT.WF.B3,5,H,1,4.421405391,24.92164928,59.99850694,308.796261,729.3213875,1.28
B3,Warmed.Fertilized,Y,Y,MAT.WF.B3,6,A,1,4.270740656,7.631370789,61.85114547,272.4690086,598.8420043,1.071
B3,Warmed.Fertilized,Y,Y,MAT.WF.B3,6,B,1,4.371399815,22.1448676,73.69596882,294.3653512,878.5897417,1.092
B3,Warmed.Fertilized,Y,Y,MAT.WF.B3,6,C,1,4.116394739,26.26352464,68.71178327,357.8351025,890.1278858,1.082
B3,Warmed.Fertilized,Y,Y,MAT.WF.B3,6,D,1,4.434858333,18.93984237,61.80326461,248.1092315,509.3781423,0.959
B3,Warmed.Fertilized,Y,Y,MAT.WF.B3,6,E,5,1.240551463,20.75970608,63.20991322,86.986442,275.532595,1.67
B3,Warmed.Fertilized,Y,Y,MAT.WF.B3,6,F,5,0.94256524,24.38873003,114.017074,644.3716931,825.9408236,2.09
B3,Warmed.Fertilized,Y,Y,MAT.WF.B3,6,G,5,1.6163388,22.84267906,76.03017912,192.9723325,450.1926777,1.515
B3,Warmed.Fertilized,Y,Y,MAT.WF.B3,6,H,5,1.242919298,22.19112689,49.82081593,91.30992635,365.2981064,1.29
B3,Warmed.Fertilized,Y,Y,MAT.WF.B3,7,A,5,0.685297392,11.07822282,121.8696259,352.549573,1110.982095,1.384
B3,Warmed.Fertilized,Y,Y,MAT.WF.B3,7,B,5,2.263194697,22.45109786,56.10210865,392.4146305,571.8414652,0.837
B3,Warmed.Fertilized,Y,Y,MAT.WF.B3,7,C,5,2.722745611,9.667709885,52.16427168,0,422.5080769,0.701
B3,Warmed.Fertilized,Y,Y,MAT.WF.B3,7,D,5,1.37189665,29.19353197,69.83780306,185.5739573,494.8239111,1.047
B3,Warmed.Fertilized,Y,Y,MAT.WF.B3,7,E,5,1.829563294,27.88108004,67.48348249,303.5242195,742.6693166,1.091
B3,Warmed.Fertilized,Y,Y,MAT.WF.B3,7,F,5,1.011480004,25.07349455,61.88426938,194.0077706,489.44046,0.721
B3,Warmed.Fertilized,Y,Y,MAT.WF.B3,7,G,8,2.728967159,27.94796199,76.10330656,436.7790931,1132.292208,0.414
B3,Warmed.Fertilized,Y,Y,MAT.WF.B3,7,H,8,3.644565028,61.05265579,338.6082838,0,624.459075,0.344
B3,Warmed.Fertilized,Y,Y,MAT.WF.B3,8,A,8,2.466497186,51.78135046,182.9479324,0,239.8149907,0.649
B3,Warmed.Fertilized,Y,Y,MAT.WF.B3,8,B,8,2.005949572,30.49072846,63.58953998,375.0871936,733.6373206,0.439
B3,Warmed.Fertilized,Y,Y,MAT.WF.B3,8,C,8,2.609220332,83.79571021,338.3786064,0,653.0859821,0.21
B3,Warmed.Fertilized,Y,Y,MAT.WF.B3,8,D,8,3.029594719,43.51067245,109.4400149,690.3061757,1337.236354,0.18
B3,Warmed.Fertilized,Y,Y,MAT.WF.B3,8,E,8,2.116043677,34.18476027,49.2483862,331.7181877,907.3758789,0.537
B4,Warmed.Fertilized,Y,Y,MAT.WF.B4,3,A,7,2.78567476,33.83168915,38.1642289,445.0947164,652.4000716,0.715
B4,Warmed.Fertilized,Y,Y,MAT.WF.B4,3,B,7,0.0512968,2.833496509,8.690455546,5.332822099,62.6681919,0.531
B4,Warmed.Fertilized,Y,Y,MAT.WF.B4,3,C,7,12.01062174,37.92631113,1.375294538,3.326680779,289.0804698,0.502
B4,Warmed.Fertilized,Y,Y,MAT.WF.B4,3,D,7,0.370539423,5.734980693,10.16336807,13.56824084,159.4459941,0.594
B4,Warmed.Fertilized,Y,Y,MAT.WF.B4,3,E,7,0.11253706,5.378362257,13.66852276,22.55979752,160.9164877,0.383
B4,Warmed.Fertilized,Y,Y,MAT.WF.B4,3,F,7,3.569268814,26.41857304,30.06045103,20.14788728,1490.35518,0.573
B4,Warmed.Fertilized,Y,Y,MAT.WF.B4,3,G,7,1.194692424,9.485749608,18.35261909,3.361501109,199.9428457,0.324
B4,Warmed.Fertilized,Y,Y,MAT.WF.B4,3,H,7,0.901089251,10.17360207,13.97891162,151.7954635,312.535862,0.298
B4,Warmed.Fertilized,Y,Y,MAT.WF.B4,4,A,1,0.94361053,26.22558645,20.78832329,22.10833422,258.1212117,0.312
B4,Warmed.Fertilized,Y,Y,MAT.WF.B4,4,B,1,0.25029547,16.14061491,14.8632988,69.37239393,439.3322136,0.359
B4,Warmed.Fertilized,Y,Y,MAT.WF.B4,4,C,1,1.111108926,28.84675456,16.00349268,0,303.4028668,0.416
B4,Warmed.Fertilized,Y,Y,MAT.WF.B4,4,D,1,0.404819969,14.42035086,12.12407954,56.88430667,269.144213,0.785
B4,Warmed.Fertilized,Y,Y,MAT.WF.B4,4,E,8,5.305091462,32.38431659,78.97686593,168.2013938,576.3963008,0.894
B4,Warmed.Fertilized,Y,Y,MAT.WF.B4,4,F,8,1.033793304,5.612784157,52.55844636,22.27359866,266.8194602,0.414
B4,Warmed.Fertilized,Y,Y,MAT.WF.B4,4,G,8,7.549950312,19.24328086,103.53934,81.39170106,729.4983045,0.62
B4,Warmed.Fertilized,Y,Y,MAT.WF.B4,4,H,8,5.347517468,38.54900906,86.13835423,187.3476618,644.8873025,0.567
B4,Warmed.Fertilized,Y,Y,MAT.WF.B4,5,A,8,4.071385594,28.54270446,39.6567986,177.8254216,384.2074265,1.169
B4,Warmed.Fertilized,Y,Y,MAT.WF.B4,5,B,8,3.58036293,28.19937451,93.93322918,190.7111746,653.6371039,0.557
B4,Warmed.Fertilized,Y,Y,MAT.WF.B4,5,C,8,3.49104863,22.68811274,59.91394324,178.7647748,478.806093,0.461
B4,Warmed.Fertilized,Y,Y,MAT.WF.B4,5,D,8,9.475596811,9.128343709,23.50492796,16.5246758,416.1177441,1.015
B4,Warmed.Fertilized,Y,Y,MAT.WF.B4,5,E,8,6.866969719,36.05836942,145.2622121,192.0027731,753.3562244,0.523
B4,Warmed.Fertilized,Y,Y,MAT.WF.B4,5,F,8,4.096727225,29.9317617,65.20121621,207.6879701,563.9088886,0.573
B4,Warmed.Fertilized,Y,Y,MAT.WF.B4,5,G,5,4.722686752,11.39248196,53.41246705,1.523716926,1604.158401,1.096
B4,Warmed.Fertilized,Y,Y,MAT.WF.B4,5,H,5,1.763024547,24.84851175,32.02141774,320.2898463,627.8892904,1.34
B4,Warmed.Fertilized,Y,Y,MAT.WF.B4,6,A,5,2.122211572,21.9193887,65.28723056,21.54877774,539.0103922,0.994
B4,Warmed.Fertilized,Y,Y,MAT.WF.B4,6,B,5,0.854433874,16.38664232,54.60184995,48.58081727,501.9326313,0.967
B4,Warmed.Fertilized,Y,Y,MAT.WF.B4,6,C,5,1.679296934,20.99380882,29.91231263,432.7741929,1003.705459,0.934
B4,Warmed.Fertilized,Y,Y,MAT.WF.B4,6,D,5,0.042176827,8.260475706,39.27973556,27.14052813,152.3631125,0.725
B4,Warmed.Fertilized,Y,Y,MAT.WF.B4,6,E,5,3.878024588,39.76231358,46.9326914,0,297.1222578,0.446
B4,Warmed.Fertilized,Y,Y,MAT.WF.B4,6,F,5,4.943708705,13.96622982,79.07524937,42.0974373,704.1769018,0.564
B4,Warmed.Fertilized,Y,Y,MAT.WF.B4,6,G,5,NA,NA,NA,NA,NA,NA
B4,Warmed.Fertilized,Y,Y,MAT.WF.B4,6,H,5,NA,8.372515182,28.08752077,30.49703669,138.3815899,0.969
B4,Warmed.Fertilized,Y,Y,MAT.WF.B4,7,A,6,1.865453747,38.52976051,104.1637564,0,913.9541796,0.519
B4,Warmed.Fertilized,Y,Y,MAT.WF.B4,7,B,6,0.73929925,19.71896784,75.87839845,0,1164.598308,0.667
B4,Warmed.Fertilized,Y,Y,MAT.WF.B4,7,C,6,3.310712523,27.13102671,68.24603096,195.9130868,782.3425827,0.56
B4,Warmed.Fertilized,Y,Y,MAT.WF.B4,7,D,6,2.569324167,25.46751638,60.29427879,217.5342562,660.1617787,0.499
B4,Warmed.Fertilized,Y,Y,MAT.WF.B4,7,E,6,2.069239122,37.83159042,80.52461951,0,605.1147376,0.875
B4,Warmed.Fertilized,Y,Y,MAT.WF.B4,7,F,6,1.988365674,7.128131085,64.43555719,0,705.4092986,0.4
B4,Warmed.Fertilized,Y,Y,MAT.WF.B4,7,G,6,4.647237219,36.57383774,93.62040439,205.5341907,889.4638027,0.319
B4,Warmed.Fertilized,Y,Y,MAT.WF.B4,7,H,6,1.864035033,21.70590449,49.74402727,186.5966002,552.2876073,1.03
B4,Warmed.Fertilized,Y,Y,MAT.WF.B4,8,A,6,2.51576134,6.39666249,49.75278082,0,825.8162173,0.5
B4,Warmed.Fertilized,Y,Y,MAT.WF.B4,8,B,6,5.863707887,32.23892677,100.8541622,163.9827933,810.9218889,0.414
B4,Warmed.Fertilized,Y,Y,MAT.WF.B4,8,C,4,5.152653737,25.22933942,27.76955484,1.012199219,172.9316632,1.076
B4,Warmed.Fertilized,Y,Y,MAT.WF.B4,8,D,4,0.077364657,4.58346775,8.670037184,6.36207331,512.9368118,0.719
B4,Warmed.Fertilized,Y,Y,MAT.WF.B4,8,E,4,0.094731552,8.000484132,5.047513757,52.62233431,691.9060096,1.257
B4,Warmed.Fertilized,Y,Y,MAT.WF.B4,8,F,4,4.073874101,15.05907618,37.35385073,79.54415401,541.3396082,0.335
B4,Warmed.Fertilized,Y,Y,MAT.WF.B4,8,G,4,0.882793432,18.42856333,40.23956698,1454.933129,1645.077379,0.499
B4,Warmed.Fertilized,Y,Y,MAT.WF.B4,8,H,4,0.509906849,3.854091168,12.73090345,1.233638271,206.9405797,0.412
B4,Warmed.Fertilized,Y,Y,MAT.WF.B4,9,A,4,0.485950814,11.74710366,5.361368554,10.81816787,304.7389843,0.745
B4,Warmed.Fertilized,Y,Y,MAT.WF.B4,9,B,4,1.177650752,12.9907922,17.39496639,33.45866221,157.5572802,1.161
B4,Warmed.Fertilized,Y,Y,MAT.WF.B4,9,C,4,1.424042531,4.778695069,61.69473437,11.71103612,189.9750205,0.341
B4,Warmed.Fertilized,Y,Y,MAT.WF.B4,9,D,4,1.302877888,7.588095578,12.04227096,0,187.9945083,0.663
B4,Warmed.Fertilized,Y,Y,MAT.WF.B4,9,E,4,4.965313699,19.56307725,55.17783755,4.798832618,656.913152,0.348
B4,Warmed.Fertilized,Y,Y,MAT.WF.B4,9,F,9,1.67303652,12.37333399,20.46564947,114.8650252,342.3282778,0.677
B4,Warmed.Fertilized,Y,Y,MAT.WF.B4,9,G,9,2.434911312,20.86503734,56.96316098,11.98305285,676.1661363,0.818
B4,Warmed.Fertilized,Y,Y,MAT.WF.B4,9,H,9,3.595487271,27.96098051,55.06167441,117.0578117,505.5136688,0.312
B4,Warmed.Fertilized,Y,Y,MAT.WF.B4,10,A,9,2.675546667,11.68156152,0.380927281,0,1029.644882,0.912
B4,Warmed.Fertilized,Y,Y,MAT.WF.B4,10,B,3,1.226622901,12.81501068,67.16636897,24.20280799,676.8009499,0.645
B4,Warmed.Fertilized,Y,Y,MAT.WF.B4,10,C,3,1.53298046,19.76023438,69.96495298,13.84799838,289.943127,0.582
B4,Warmed.Fertilized,Y,Y,MAT.WF.B4,10,D,3,0.834184829,14.49727591,61.13693926,29.01021505,345.7062335,0.438
B4,Warmed.Fertilized,Y,Y,MAT.WF.B4,10,E,3,1.572025364,17.01650283,71.81175823,23.28603496,378.3941835,0.396
B4,Warmed.Fertilized,Y,Y,MAT.WF.B4,10,F,3,0.828064562,12.17829318,57.13023249,14.69202714,437.5007311,1.023
B4,Warmed.Fertilized,Y,Y,MAT.WF.B4,10,G,3,2.046411617,28.06308243,27.63053463,371.8814062,1393.168561,0.345
B4,Warmed.Fertilized,Y,Y,MAT.WF.B4,10,H,3,2.870156574,54.10845489,42.29720583,0,214.3830155,0.552
B4,Warmed.Fertilized,Y,Y,MAT.WF.B4,11,A,3,0.16007871,10.74400182,5.558475585,0,141.9541911,0.989
B4,Warmed.Fertilized,Y,Y,MAT.WF.B4,11,B,3,1.608289565,24.98870491,70.34657701,27.38027161,475.7601495,0.358
B4,Warmed.Fertilized,Y,Y,MAT.WF.B4,11,C,3,1.145155465,23.57579909,56.11534372,20.16900666,272.96926,0.774
B4,Warmed.Fertilized,Y,Y,MAT.WF.B4,11,D,3,1.732875489,21.3269123,84.65563917,18.88350953,566.1897343,0.273
B4,Warmed.Fertilized,Y,Y,MAT.WF.B4,11,E,3,1.037936549,11.00042441,57.15590052,31.48659143,347.6152356,0.422